VRP,LFBA/NA,,44.1928,0.646667,170.0,,,Agen Pont RN13 VF (M.I.N.),LF,25,
VRP,LFBA/N,,44.245,0.643333,520.0,,,Agen RN21 D13 Foulayronnes,LF,25,
VRP,LFBA/W,,44.2286,0.351944,150.0,,,Agen Silos Feugarolle,LF,25,
VRP,LFBA/S,,44.0639,0.651389,300.0,,,Agen Village Astaffort,LF,25,
VRP,LFBA/WB,,44.1114,0.531389,700.0,,,Agen Village Laplume,LF,25,
VRP,LFBA/SA,,44.135,0.660556,200.0,,,Agen Village Layrac,LF,25,
VRP,LFBA/WA,,44.2142,0.48472200000000004,140.0,,,Agen Village Serignac s/G,LF,25,
VRP,LFMA/AE,,43.48,5.48528,750.0,,,Aix 1 Km Nord Ch Gardanne,LF,25,
VRP,LFMA/AS,,43.445,5.3722199999999996,600.0,,,Aix 1 Km W CabriÃ¨s,LF,25,
VRP,LFMA/AW,,43.5161,5.31194,400.0,,,Aix Acqueduc Roquefavour,LF,25,
VRP,LFMA/AR,,43.5269,5.40222,650.0,,,Aix Bretelle A8 Aix Ouest - Panne Radio,LF,25,
VRP,LFMA/AT,,43.5725,5.39194,880.0,,,Aix Carrefour Est Eguilles,LF,25,
VRP,LFMA/AN,,43.5639,5.33639,570.0,,,Aix Tr Est tr de guet W Eguilles,LF,25,
VRP,LFKJ/SA,,41.7389,8.65833,1.0,,,Ajaccio Capu di Muru,LF,25,
VRP,LFKJ/SEA,,41.8103,8.84833,1900.0,,,Ajaccio Carr. Bocca Arghellaju,LF,25,
VRP,LFKJ/N,,42.0472,8.74722,30.0,,,Ajaccio Plage de Stagnone,LF,25,
VRP,LFKJ/W,,41.8756,8.58806,1.0,,,Ajaccio SÃ©maphore Iles Sanguinaires,LF,25,
VRP,LFKJ/S,,41.6619,8.72333,1.0,,,Ajaccio Sierra,LF,25,
VRP,LFKJ/WA,,41.8972,8.70472,1.0,,,Ajaccio Sud CimetiÃ¨re,LF,25,
VRP,LFKJ/SB,,41.8536,8.79167,140.0,,,Ajaccio Sud plage d'Agosta,LF,25,
VRP,LFKJ/SC,,41.9042,8.79917,15.0,,,Ajaccio Tour de Capitello,LF,25,
VRP,LFKJ/NWA,,41.9619,8.727780000000001,700.0,,,Ajaccio Tr Ch. de la Punta,LF,25,
VRP,LFKJ/NV,,42.1097,9.11389,4000.0,,,Ajaccio Tr Col Vizzanova,LF,25,
VRP,LFKJ/NW,,42.1211,8.51639,1.0,,,Ajaccio Trav. CargÃ¨se,LF,25,
VRP,LFKJ/NZ,,42.0183,8.89333,550.0,,,Ajaccio ZA de Tavaco,LF,25,
VRP,LFAQ/SA,,49.9239,2.75972,170.0,,,Albert Cappy sur canal,LF,25,
VRP,LFAQ/N,,50.0656,2.66222,270.0,,,Albert Hamel VallÃ©e de l'Ancre,LF,25,
VRP,LFAQ/S,,49.8739,2.83472,260.0,,,Albert Inter N29/A1,LF,25,
VRP,LFAQ/WA,,49.9056,2.6325,120.0,,,Albert MÃ©morial de Cerisy,LF,25,
VRP,LFAQ/W,,49.8869,2.51167,300.0,,,Albert MÃ©morial Sud Corbie,LF,25,
VRP,LFAQ/NA,,50.0161,2.67333,320.0,,,Albert Nord ZI Albert,LF,25,
VRP,LFCD/N,,44.7464,-1.11806,1.0,,,Andernos Plage de St-Brice,LF,25,
VRP,LFCD/SE,,44.6917,-1.04556,1.0,,,Andernos RÃ©servoir Dom. De Certes,LF,25,
VRP,LFLI/R,,46.1419,6.2611099999999995,1600.0,,,Anemasse Ouest Reignier,LF,25,
VRP,LFJR/SE,,47.4408,-0.21222199999999997,80.0,,,Angers M. Beaufort en V.,LF,25,
VRP,LFJR/N,,47.655,-0.272778,80.0,,,Angers M. inter A11/Loir,LF,25,
VRP,LFJR/SW,,47.4175,-0.505556,60.0,,,Angers M. Inter A87-Loire,LF,25,
VRP,LFJR/S,,47.5411,-0.341389,150.0,,,Angers M. PÃ©age,LF,25,
VRP,LFJR/NW,,47.6781,-0.486667,65.0,,,Angers M. Pt ChÃ¢teauneuf s Sarthe,LF,25,
VRP,LFBU/NE,,45.7936,0.293611,300.0,,,AngoulÃªme CarriÃ¨re N ForÃªt Braconne,LF,25,
VRP,LFBU/SE,,45.7025,0.26472199999999996,500.0,,,AngoulÃªme Ech N141 + Antenne,LF,25,
VRP,LFBU/NA,,45.7775,0.192222,310.0,,,AngoulÃªme EntrepÃ´ts,LF,25,
VRP,LFBU/NW,,45.8106,0.1925,470.0,,,AngoulÃªme Inter N10/D15,LF,25,
VRP,LFBU/SA,,45.6919,0.150833,110.0,,,AngoulÃªme Nd Pl Eau St-Yriex,LF,25,
VRP,LFBU/S,,45.6611,0.259444,200.0,,,AngoulÃªme Touvre,LF,25,
VRP,LFLP/ALBY,,45.8167,6.0202800000000005,1400.0,,,Annecy Alby sur ChÃ©ran,LF,25,
VRP,LFLP/NE,,46.0447,6.2575,2600.0,,,Annecy Col d'Evires A410 N203,LF,25,
VRP,LFLP/N,,46.0344,6.10722,2600.0,,,Annecy Cruseilles,LF,25,
VRP,LFLP/E,,45.9353,6.16806,1700.0,,,Annecy Ech des Glaisins,LF,25,
VRP,LFLP/HS,,45.8969,6.08778,1600.0,,,Annecy Ech. Centre A41/D3508 (HÃ©l.),LF,25,
VRP,LFLP/NA,,46.0044,6.13167,2200.0,,,Annecy Echangeur A41 N201,LF,25,
VRP,LFLP/NW,,45.9667,6.03333,1610.0,,,Annecy Lac de la Balme,LF,25,
VRP,LFLP/HN,,45.9333,6.12833,1500.0,,,Annecy Pont de Brogny (HÃ©l.),LF,25,
VRP,LFLP/SJ,,45.8442,6.174169999999999,1500.0,,,Annecy Saint Jorioz,LF,25,
VRP,LFLP/SA,,45.8758,6.08778,1850.0,,,Annecy Seynold Ctre Comm,LF,25,
VRP,LFLP/HM,,45.9214,6.11583,1430.0,,,Annecy Stade CimetiÃ¨re (HÃ©l.),LF,25,
VRP,LFLP/EA,,45.8958,6.228330000000001,1800.0,,,Annecy Station Ã©purat. ALEX,LF,25,
VRP,LFLI/BIVLO,,46.1972,6.25389,1500.0,,,Annemasse BIVLO,LF,25,
VRP,LFLI/SW,,46.1217,5.89917,1200.0,,,Annemasse Est Fort Ecluse,LF,25,
VRP,LFLI/E,,46.3472,6.36306,1300.0,,,Annemasse Excenevex,LF,25,
VRP,LFLI/S,,46.1336,6.09944,1650.0,,,Annemasse Inter St-Julien,LF,25,
VRP,LFLI/N,,46.3544,6.15333,1530.0,,,Annemasse Lac Divonne,LF,25,
VRP,LFLI/MOLUS,,46.4439,6.67944,1250.0,,,Annemasse MOLUS,LF,25,
VRP,LFLI/SE,,46.2128,6.1725,1250.0,,,Annemasse Port Noir,LF,25,
VRP,LFLI/W,,46.2286,5.995,1500.0,,,Annemasse St-Jean,LF,25,
VRP,LFCH/NE,,44.6436,-1.04833,8.0,,,Arcachon Est la Mole,LF,25,
VRP,LFCH/E,,44.6333,-1.00556,32.0,,,Arcachon Est Parc du Teich,LF,25,
VRP,LFCH/W,,44.5892,-1.21361,250.0,,,Arcachon Milieu Dune Pyla,LF,25,
VRP,LFCH/N,,44.6033,-1.12694,50.0,,,Arcachon Nord Hippodrome,LF,25,
VRP,LFCH/P,,44.5681,-1.23056,100.0,,,Arcachon Sud Plage Petit Nice,LF,25,
VRP,LFMV/NE,,44.0542,5.0513900000000005,320.0,,,Avignon C. Carpentras,LF,25,
VRP,LFMV/W,,43.9222,4.74167,60.0,,,Avignon C. Durance RhÃ´ne,LF,25,
VRP,LFMV/SW,,43.8583,4.77917,50.0,,,Avignon C. Graveson,LF,25,
VRP,LFMV/NA,,43.9872,4.82472,80.0,,,Avignon C. Ile Barthelasse,LF,25,
VRP,LFMV/E,,43.9203,5.05694,200.0,,,Avignon C. Isle sur Sorgue,LF,25,
VRP,LFMV/NW,,44.0603,4.78972,100.0,,,Avignon C. Roquemaure,LF,25,
VRP,LFMV/SE,,43.8583,4.9875,200.0,,,Avignon C. SabliÃ¨re Nord Durance,LF,25,
VRP,LFOA/BOU,,47.0658,2.36167,480.0,,,Avord Bourges,LF,25,
VRP,LFOA/NE,,47.1272,2.77917,670.0,,,Avord Chaumoux Marcilly,LF,25,
VRP,LFOA/DUN,,46.8867,2.57111,600.0,,,Avord Dun sur Auron,LF,25,
VRP,LFOA/W,,47.1494,2.42889,500.0,,,Avord Fussy,LF,25,
VRP,LFOA/S,,46.9242,2.58639,600.0,,,Avord La ChaussÃ©e,LF,25,
VRP,LFOA/N,,47.1969,2.57389,650.0,,,Avord Les Aix d'Anguillon,LF,25,
VRP,LFOA/SE,,46.99,2.82944,700.0,,,Avord NÃ©rondes,LF,25,
VRP,LFOA/W1,,47.1436,2.5619400000000003,550.0,,,Avord Sainte Solange,LF,25,
VRP,LFOA/BS,,47.06,2.42722,530.0,,,Avord SE Bourges,LF,25,
VRP,LFOA/BN,,47.0981,2.4675,460.0,,,Avord St Germain du Puy,LF,25,
VRP,LFCB/CIE,,42.9181,0.636944,1650.0,,,Bagneres De Luchon Cierp,LF,25,
VRP,LFSB/E,,47.6192,7.5725,1300.0,,,BÃ¢le Bge N de Huningue,LF,25,
VRP,LFSB/W,,47.6325,7.23583,1200.0,,,BÃ¢le Cimenterie Altkirch,LF,25,
VRP,LFSB/WA,,47.6,7.38139,1320.0,,,BÃ¢le Entre 2 lignes HT sur rte,LF,25,
VRP,LFSB/NE,,47.7075,7.580830000000001,1020.0,,,BÃ¢le Inter N3/K6345,LF,25,
VRP,LFSB/N,,47.815,7.5427800000000005,700.0,,,BÃ¢le Pont Rhin ChalampÃ©,LF,25,
VRP,LFSB/S,,47.5267,7.71472,920.0,,,BÃ¢le Pt Autoroute NE Pratteln,LF,25,
VRP,LFSB/WB,,47.5889,7.49528,1585.0,,,BÃ¢le Radar,LF,25,
VRP,LFKB/W,,42.6,9.36611,1200.0,,,Bastia Col de Lancone,LF,25,
VRP,LFKB/NW,,42.6722,9.38278,1700.0,,,Bastia Col de TÃ©ghime,LF,25,
VRP,LFKB/NA,,42.6194,9.43556,50.0,,,Bastia Hipp. Casatorra,LF,25,
VRP,LFKB/S,,42.3389,9.54111,1.0,,,Bastia Port Campoloro,LF,25,
VRP,LFKB/N1,,42.8611,9.480830000000001,60.0,,,Bastia Tour le Losse,LF,25,
VRP,LFKB/SA,,42.5222,9.44389,110.0,,,Bastia Tr Sud Centrale Lucciana,LF,25,
VRP,LFKB/N,,42.7028,9.463330000000001,1.0,,,Bastia Trav. Port,LF,25,
VRP,LFKB/SW,,42.5083,9.37167,300.0,,,Bastia Us. Barchetta,LF,25,
VRP,LFOB/SW,,49.3239,2.08,750.0,,,Beauvais A16 (Tr W Relais Bois de la Molle),LF,25,
VRP,LFOB/N,,49.5236,2.1875,500.0,,,Beauvais A16/N1 (Bois St-Martin),LF,25,
VRP,LFOB/S,,49.3978,2.12889,300.0,,,Beauvais Allone (Ech A16),LF,25,
VRP,LFOB/WB,,49.4278,2.03972,250.0,,,Beauvais Goincourt,LF,25,
VRP,LFOB/SE,,49.3292,2.2,300.0,,,Beauvais Noailles (N1/D2/D44),LF,25,
VRP,LFOB/W,,49.4194,1.9375,350.0,,,Beauvais Pont N31,LF,25,
VRP,LFBE/S,,44.6517,0.6,350.0,,,Bergerac CastillonÃ¨s Chap.,LF,25,
VRP,LFBE/NA,,44.8756,0.548611,410.0,,,Bergerac Ch Eau PÃ©lissous,LF,25,
VRP,LFBE/SA,,44.7753,0.521944,560.0,,,Bergerac Colombier Ch D'eau,LF,25,
VRP,LFBE/NW,,44.9314,0.430278,280.0,,,Bergerac D709 / Hte Tension,LF,25,
VRP,LFBE/SW,,44.6678,0.396389,170.0,,,Bergerac Eymet Ãglise,LF,25,
VRP,LFBE/SE,,44.7303,0.607222,370.0,,,Bergerac Issigeac,LF,25,
VRP,LFBE/NE,,44.9194,0.560833,300.0,,,Bergerac RN21/Hte Tens.,LF,25,
VRP,LFMU/SE,,43.2706,3.5058300000000004,1.0,,,BÃ©ziers Cap d'Agde,LF,25,
VRP,LFMU/CG,,43.3311,3.04167,100.0,,,BÃ©ziers Capestang,LF,25,
VRP,LFMU/AD,,43.2128,3.24,1.0,,,BÃ©ziers Embouchure Aude,LF,25,
VRP,LFMU/NB,,43.4206,3.23694,210.0,,,BÃ©ziers Lieuran les BÃ©ziers,LF,25,
VRP,LFMU/PZ,,43.4747,3.4452800000000003,50.0,,,BÃ©ziers PÃ©zenas,LF,25,
VRP,LFMU/MZ,,43.4425,3.57611,80.0,,,BÃ©ziers ZI NW MÃ¨ze Autor.,LF,25,
VRP,LFBZ/BG,,43.5461,-1.195,10.0,,,Biarritz Bec du Gave Adour/Gave,LF,25,
VRP,LFBZ/SE,,43.3678,-1.4225,150.0,,,Biarritz Cambo Arnaga,LF,25,
VRP,LFBZ/NE,,43.5197,-1.4025,160.0,,,Biarritz ChÃ¢teau d'Eau,LF,25,
VRP,LFBZ/S,,43.4172,-1.49472,410.0,,,Biarritz Colline Sainte Barbe,LF,25,
VRP,LFBZ/NA,,43.5303,-1.5236100000000001,1.0,,,Biarritz Embouch. Adour,LF,25,
VRP,LFBZ/SH,,43.385,-1.305,450.0,,,Biarritz Hasparren,LF,25,
VRP,LFBZ/E,,43.4667,-1.28694,30.0,,,Biarritz Inter D936/A64,LF,25,
VRP,LFBZ/SW,,43.3994,-1.6644400000000001,1.0,,,Biarritz N. Baie Saint Jean de Luz,LF,25,
VRP,LFBZ/NC,,43.6558,-1.44833,1.0,,,Biarritz Phare Cap Breton,LF,25,
VRP,LFBZ/NP,,43.4928,-1.5525,65.0,,,Biarritz Phare de Biarritz,LF,25,
VRP,LFBZ/SB,,43.4369,-1.59694,1.0,,,Biarritz Plage de Bidart,LF,25,
VRP,LFBS/O2,,44.45,-1.225,200.0,,,Biscarosse 1NM Est Bisc. Plage,LF,25,
VRP,LFBS/OS,,44.4167,-1.15,90.0,,,Biscarosse Nord Ville Bisc.,LF,25,
VRP,LFBD/SW,,44.7042,-0.77,210.0,,,Bordeaux Ant. Croix d'Hins,LF,25,
VRP,LFBD/N,,45.0289,-0.796944,70.0,,,Bordeaux Castelnau de MÃ©d.,LF,25,
VRP,LFBD/EA,,44.8936,-0.6688890000000001,30.0,,,Bordeaux D1215/D1 Le Taillan,LF,25,
VRP,LFBD/SE,,44.7458,-0.504167,10.0,,,Bordeaux Ile de la Lande,LF,25,
VRP,LFBD/NE,,45.0083,-0.6125,30.0,,,Bordeaux Macau,LF,25,
VRP,LFBD/S,,44.7167,-0.690278,200.0,,,Bordeaux N1010 D214 La Birade,LF,25,
VRP,LFBD/NA,,44.9075,-0.747222,140.0,,,Bordeaux N1215/D6 Saint MÃ©dard,LF,25,
VRP,LFBD/NW,,44.9756,-0.880833,140.0,,,Bordeaux Sainte HÃ©lÃ¨ne,LF,25,
VRP,LFBD/OA,,44.7697,-0.771111,185.0,,,Bordeaux Us. DÃ©chetterie,LF,25,
VRP,LFBD/SA,,44.775,-0.691667,190.0,,,Bordeaux Usine Gazinet,LF,25,
VRP,LFRB/LF,,48.2833,-4.13333,500.0,,,"Brest 1,5 Nm SE Le Faou (Ax)",LF,25,
VRP,LFRB/PA,,48.5042,-4.42278,280.0,,,Brest Ch eau Plabennec,LF,25,
VRP,LFRB/SG,,48.37,-4.2611099999999995,100.0,,,Brest Daoulas,LF,25,
VRP,LFRB/NWL,,48.6103,-4.37889,165.0,,,Brest Kerdroc Croisement,LF,25,
VRP,LFRB/NG,,48.5667,-4.52833,110.0,,,Brest Lannilis,LF,25,
VRP,LFRB/LC,,48.365,-4.7836099999999995,30.0,,,Brest Le Conquet,LF,25,
VRP,LFRB/K,,48.4067,-4.3741699999999994,70.0,,,Brest Le Relecq Kerhuon,LF,25,
VRP,LFRB/SWL,,48.4167,-4.2,450.0,,,Brest Pencran Golf,LF,25,
VRP,LFRB/WG,,48.4297,-4.61722,200.0,,,Brest Saint Renan,LF,25,
VRP,LFSL/N,,45.1472,1.48528,370.0,,,Brive Souillac A3/N89,LF,25,
VRP,LFSL/W,,44.975,1.32694,850.0,,,Brive Souillac Ch. Salignac,LF,25,
VRP,LFSL/NA,,45.0986,1.52,750.0,,,Brive Souillac Ech. A20 Noailles,LF,25,
VRP,LFSL/S,,44.9017,1.50111,550.0,,,Brive Souillac Ech. A20 Souillac,LF,25,
VRP,LFSL/E,,44.9369,1.60889,800.0,,,Brive Souillac Martel,LF,25,
VRP,LFSL/SA,,44.9906,1.52667,930.0,,,Brive Souillac PÃ©age A20,LF,25,
VRP,LFRK/SC,,49.0992,-0.5122220000000001,230.0,,,Caen Ch. D'eau Evrecy,LF,25,
VRP,LFRK/EK,,49.2239,-0.27555599999999997,80.0,,,Caen Cimenterie Ranville,LF,25,
VRP,LFRK/SK,,48.9939,-0.47555600000000003,220.0,,,Caen Orne NW Thury-Harcourt,LF,25,
VRP,LFRK/SW,,49.0781,-0.641389,510.0,,,Caen Pt 4 voies SE Villers-Bocage,LF,25,
VRP,LFRK/W,,49.1936,-0.8644440000000001,230.0,,,Caen Rd-Pt ForÃªt Balleroy,LF,25,
VRP,LFRK/NK,,49.2119,-0.403333,250.0,,,Caen Saint Contest (Tr),LF,25,
VRP,LFRK/EY,,49.1408,-0.253889,90.0,,,Caen Sucrerie Cagny,LF,25,
VRP,LFAC/PC,,50.97,1.8469400000000002,1.0,,,Calais Port (Supp),LF,25,
VRP,LFKC/EA,,42.5411,8.79917,100.0,,,Calvi Cantone,LF,25,
VRP,LFKC/IR,,42.6444,8.93167,30.0,,,Calvi l'Ile Rousse,LF,25,
VRP,LFKC/N,,42.5831,8.72444,60.0,,,Calvi La Revellata,LF,25,
VRP,LFKC/MER,,43.0797,7.7930600000000005,1.0,,,Calvi Merlu,LF,25,
VRP,LFKC/PB,,42.5694,8.665,1.0,,,Calvi Pt en Mer,LF,25,
VRP,LFKC/NW,,42.5753,8.69083,1.0,,,Calvi Pt en Mer,LF,25,
VRP,LFKC/W,,42.5606,8.71667,10.0,,,Calvi Punta Ricci,LF,25,
VRP,LFKC/E,,42.6122,8.852219999999999,20.0,,,Calvi Punta San Damiano,LF,25,
VRP,LFKC/S,,42.5125,8.665,900.0,,,Calvi SÃ©maphore Cavallo,LF,25,
VRP,LFKC/TOR,,43.3881,8.958060000000001,1.0,,,Calvi Tortu,LF,25,
VRP,LFKC/WC,,42.6192,8.613610000000001,1.0,,,Calvi WC 6nm NW Punta Ricci,LF,25,
VRP,LFMD/SB,,43.5353,7.145,1.0,,,Cannes 1 Km Sud Cap Gros,LF,25,
VRP,LFMD/SA,,43.4889,7.046939999999999,1.0,,,Cannes 1 Km sud Ile Saint Honorat,LF,25,
VRP,LFMD/SV,,43.5075,7.03167,1.0,,,Cannes 1 Nm Ouest St Honorat (HÃ©l),LF,25,
VRP,LFMD/DR,,43.3983,6.8555600000000005,1.0,,,Cannes 1 nm S Ph. Pte Dramont,LF,25,
VRP,LFMD/SW,,43.4358,6.935,1.0,,,Cannes 1 nm/SE Cap Roux,LF,25,
VRP,LFMD/NA,,43.75,7.18889,200.0,,,Cannes Bge Var Nord Ctr Comm,LF,25,
VRP,LFMD/WA,,43.6669,7.145560000000001,130.0,,,Cannes ChÃ¢teau Cagnes S M,LF,25,
VRP,LFMD/HE,,43.5431,6.96833,1.0,,,Cannes Digue Est JetÃ©e SW Gare Tr (HÃ©l),LF,25,
VRP,LFMD/TA,,43.5367,7.00167,1.0,,,Cannes Entre Sud Rocher R et HV,LF,25,
VRP,LFMD/EW,,43.66,6.98,900.0,,,Cannes Golf sud Opio,LF,25,
VRP,LFMD/HW,,43.5378,6.95861,1.0,,,Cannes JetÃ©e Est Port BÃ©al (HÃ©l),LF,25,
VRP,LFMD/HV,,43.5256,7.0166699999999995,1.0,,,Cannes Ouest Phare BertÃ©guier (HÃ©l),LF,25,
VRP,LFMD/PF,,43.5394,7.077780000000001,1.0,,,Cannes Phare Fourmigue,LF,25,
VRP,LFMD/WL,,43.5539,6.793889999999999,500.0,,,Cannes Pte Sud Lac St Cassien,LF,25,
VRP,LFMD/LC,,43.5858,6.9977800000000006,320.0,,,Cannes Rte/A8,LF,25,
VRP,LFMD/WD,,43.5211,6.8066699999999996,1000.0,,,Cannes Stade Planestel -  Sud A8,LF,25,
VRP,LFMD/N,,43.6328,6.85306,900.0,,,Cannes Stade Tignet,LF,25,
VRP,LFMD/TD,,43.5056,6.994439999999999,1.0,,,Cannes W SV Sud TA,LF,25,
VRP,EGJA/HAG,,49.7167,-1.95,1.0,,,Cap de La Hague,LF,25,
VRP,LFMK/WA,,43.2542,2.1775,420.0,,,Carcassonne Alzonne,LF,25,
VRP,LFMK/ES,,43.185,2.55611,300.0,,,Carcassonne Capendu,LF,25,
VRP,LFMK/NC,,43.2686,2.40056,450.0,,,Carcassonne Conques sur Orbiel,LF,25,
VRP,LFMK/SF,,43.1556,2.30583,500.0,,,Carcassonne Coufoullens,LF,25,
VRP,LFMK/S,,43.0544,2.21667,600.0,,,Carcassonne Limoux,LF,25,
VRP,LFMK/WP,,43.1936,2.055,700.0,,,Carcassonne Prouilles,LF,25,
VRP,LFMK/EN,,43.2822,2.58778,400.0,,,Carcassonne Rieux Minervois,LF,25,
VRP,LFMK/WM,,43.1903,2.14194,700.0,,,Carcassonne Sud MontrÃ©al,LF,25,
VRP,LFMK/W,,43.2822,2.08639,450.0,,,Carcassonne Villepinte,LF,25,
VRP,LFNH/NE,,44.0364,5.09472,620.0,,,Carpentras NE arr Planeurs,LF,25,
VRP,LFBC/NE,,44.6436,-1.04833,10.0,,,Cazaux Bassin Est Port la Mole,LF,25,
VRP,LFBC/B,,44.4872,-1.07111,80.0,,,Cazaux Ch. D'eau,LF,25,
VRP,LFBC/C,,44.5306,-1.16167,90.0,,,Cazaux CimetiÃ¨re,LF,25,
VRP,LFBC/E,,44.6333,-1.00556,30.0,,,Cazaux Est Parc du Teich,LF,25,
VRP,LFBC/A,,44.5542,-1.15278,80.0,,,Cazaux Inter D804 - Plan d'eau (HÃ©l.),LF,25,
VRP,LFBC/W,,44.5986,-1.2111100000000001,250.0,,,Cazaux Nd Dune Pyla,LF,25,
VRP,LFBC/WS,,44.575,-1.225,250.0,,,Cazaux Sud Dune Pyla,LF,25,
VRP,LFOK/S,,48.6708,4.17333,480.0,,,Chalons Vatry A26 D98 VF,LF,25,
VRP,LFOK/WA,,48.7475,4.06222,480.0,,,Chalons Vatry Connantray Vaurefoy,LF,25,
VRP,LFOK/N,,48.9119,4.28611,420.0,,,Chalons Vatry Echangeur A26 D5,LF,25,
VRP,LFOK/SW,,48.735,4.19222,550.0,,,Chalons Vatry Silo W Sommesous,LF,25,
VRP,LFOK/W,,48.7272,3.9,340.0,,,Chalons Vatry Sucrerie Connantre,LF,25,
VRP,LFOK/N1,,48.8239,4.22417,400.0,,,Chalons Vatry Usine West Vatry,LF,25,
VRP,LFLB/ALBY,,45.8167,6.0202800000000005,1400.0,,,ChambÃ©ry Alby sur ChÃ©ran,LF,25,
VRP,LFLB/WB,,45.7581,5.70556,790.0,,,ChambÃ©ry Belley (Rd Pt),LF,25,
VRP,LFLB/NL,,45.8058,5.82889,770.0,,,ChambÃ©ry Bout du Lac (Nord),LF,25,
VRP,LFLB/WA,,45.6928,5.84694,2200.0,,,ChambÃ©ry Col du Chat,LF,25,
VRP,LFLB/SW,,45.5556,5.83111,3000.0,,,ChambÃ©ry Col du crucifix,LF,25,
VRP,LFLB/SM,,45.4839,6.02361,900.0,,,ChambÃ©ry Ech. Autoroute,LF,25,
VRP,LFLB/EY,,45.7142,5.92389,960.0,,,ChambÃ©ry Ech. GrÃ©sy sur Aix,LF,25,
VRP,LFLB/WG,,45.5981,5.63167,790.0,,,ChambÃ©ry St-GÃ©nix sur Guiers,LF,25,
VRP,LFLB/WC,,45.8431,5.77917,790.0,,,ChambÃ©ry Sud Culloz (Ch. De F.),LF,25,
VRP,LFLB/SB,,45.5431,5.95667,1040.0,,,ChambÃ©ry ZI Albanne,LF,25,
VRP,LFOC/SW,,48.0103,1.24361,320.0,,,ChÃ¢teaudun Cloyes Plan d'eau,LF,25,
VRP,LFOC/NA,,48.1467,1.35056,500.0,,,Chateaudun Flacey - Inter N10/D110,LF,25,
VRP,LFOC/SA,,47.9803,1.3375,410.0,,,ChÃ¢teaudun La FertÃ© Villeneuil,LF,25,
VRP,LFOC/NW,,48.1478,1.26722,530.0,,,ChÃ¢teaudun Logron Cimet.,LF,25,
VRP,LFOC/NE,,48.0992,1.51583,420.0,,,Chateaudun Varize (Ch. D'eau),LF,25,
VRP,LFOC/SE,,47.9625,1.42361,400.0,,,Chateaudun Verdes (Silo),LF,25,
VRP,LFLX/SE,,46.7417,1.83056,550.0,,,ChÃ¢teauroux Ardentes,LF,25,
VRP,LFLX/NW,,46.9147,1.59861,490.0,,,ChÃ¢teauroux ChÃ¢t. Villegongis,LF,25,
VRP,LFLX/S,,46.6994,1.58333,500.0,,,ChÃ¢teauroux Ãchangeur,LF,25,
VRP,LFLX/E,,46.8219,1.925,510.0,,,ChÃ¢teauroux Inters. Ã Vouillon,LF,25,
VRP,LFLX/N,,46.9728,1.6,450.0,,,ChÃ¢teauroux Levroux Poste Ãlectr.,LF,25,
VRP,LFLX/NE,,46.9386,1.99722,450.0,,,ChÃ¢teauroux Sud Issoudun,LF,25,
VRP,LFLX/W,,46.8506,1.5302799999999999,450.0,,,ChÃ¢teauroux Villedieux/Indre Cimet.,LF,25,
VRP,LFRC/N,,49.6981,-1.47306,1.0,,,Cherbourg Cap LÃ©vy,LF,25,
VRP,LFRC/WC,,49.5986,-1.595,550.0,,,Cherbourg CC La Glacerie,LF,25,
VRP,LFRC/SB,,49.5772,-1.4625,415.0,,,Cherbourg Ch. D'eau Saussemesnil,LF,25,
VRP,LFRC/SC,,49.5736,-1.275,30.0,,,Cherbourg Fort de la Hougue,LF,25,
VRP,LFRC/EC,,49.6825,-1.27194,1.0,,,Cherbourg Phare Gatteville,LF,25,
VRP,LFRC/SU,,49.5097,-1.47167,100.0,,,Cherbourg Valognes,LF,25,
VRP,LFLC/N,,45.8953,3.15389,1050.0,,,Clermont Fd A71 sortie Riom,LF,25,
VRP,LFLC/SB,,45.7225,3.33722,1200.0,,,Clermont Fd Billom,LF,25,
VRP,LFLC/SE,,45.7547,3.53833,1100.0,,,Clermont Fd CourpiÃ¨re,LF,25,
VRP,LFLC/S,,45.6533,3.1686099999999997,1250.0,,,Clermont Fd Ech. Champeix,LF,25,
VRP,LFLC/NA,,45.8414,3.1602799999999998,1100.0,,,Clermont Fd PÃ©age Gerzat,LF,25,
VRP,LFLC/SA,,45.7344,3.15306,1150.0,,,Clermont Fd Pont A75 tr Cournon,LF,25,
VRP,LFLC/NE,,45.9597,3.4741699999999995,950.0,,,Clermont Fd Puy Guillaume,LF,25,
VRP,LFLC/NB,,45.9142,3.21694,1080.0,,,Clermont Fd Puy Silos Ennezat,LF,25,
VRP,LFHCLE/HC,,45.7467,3.13667,1150.0,,,Clermont St J RP PÃ©rignat,LF,25,
VRP,LFHCLE/HD,,45.8056,3.1511099999999996,1080.0,,,Clermont St J Sortie Autor.,LF,25,
VRP,LFBG/S,,45.5236,-0.290833,350.0,,,Cognac Archiac,LF,25,
VRP,LFBG/N,,45.7722,-0.422778,200.0,,,Cognac Burie,LF,25,
VRP,LFBG/W2,,45.5417,-0.4425,150.0,,,Cognac Chadenac,LF,25,
VRP,LFBG/E1,,45.6508,-0.2525,70.0,,,Cognac Gensac La Pallue,LF,25,
VRP,LFBG/N1,,45.6856,-0.3975,20.0,,,Cognac Pont de Merpins,LF,25,
VRP,LFBG/S2,,45.6206,-0.282222,250.0,,,Cognac Roissac,LF,25,
VRP,LFBG/S1,,45.5769,-0.305278,100.0,,,Cognac Saint Fort sur le Ne,LF,25,
VRP,LFBG/W1,,45.6178,-0.332778,180.0,,,Cognac Salle d'Angles,LF,25,
VRP,LFBG/E2,,45.6172,-0.218889,200.0,,,Cognac Segonzac,LF,25,
VRP,LFAD/NA,,49.4392,2.7936099999999997,300.0,,,CompiÃ¨gne Carrefour,LF,25,
VRP,LFAD/N,,49.4497,2.78722,315.0,,,CompiÃ¨gne Inter rocade,LF,25,
VRP,LFJD/W,,46.0447,5.45556,1500.0,,,Corlier W ChÃ¢tillon de C.,LF,25,
VRP,LFLJ/N,,45.4431,6.64722,2900.0,,,Courchevel Bozel,LF,25,
VRP,LFLJ/C,,45.4011,6.64778,6400.0,,,Courchevel CarriÃ¨re CrÃªte Gravelles,LF,25,
VRP,LFLJ/E,,45.42,6.67611,7500.0,,,Courchevel Croix Dt du Villard,LF,25,
VRP,LFLJ/W,,45.4847,6.52861,1600.0,,,Courchevel Moutiers,LF,25,
VRP,LFLJ/L,,45.4086,6.614719999999999,7300.0,,,Courchevel PylÃ´ne 7450,LF,25,
VRP,LFPC/NE,,49.4022,2.69778,300.0,,,Creil Ech. CompiÃ¨gne Creil,LF,25,
VRP,LFPC/SE,,49.2231,2.7505599999999997,300.0,,,Creil Inter TGV RN324,LF,25,
VRP,LFTF/CN,,43.2989,6.18306,700.0,,,Cuers Carnoules,LF,25,
VRP,LFTF/CO,,43.2342,6.28472,520.0,,,Cuers Collobrieres Carref 1nm W,LF,25,
VRP,LFTF/MC,,43.1872,5.90111,2638.0,,,Cuers Mont Caume (SupprimÃ©),LF,25,
VRP,LFTF/VC,,43.1917,6.28028,1000.0,,,Cuers Nord Valcros,LF,25,
VRP,LFTF/SL,,43.1914,6.03528,300.0,,,Cuers Pont SolliÃ¨s,LF,25,
VRP,LFTF/PV,,43.2933,6.15278,650.0,,,Cuers Puget Bretelle au NE,LF,25,
VRP,LFTF/SA,,43.3394,6.120830000000001,980.0,,,Cuers Ste Anastasie (Tr Sud Gymnase),LF,25,
VRP,LFTF/TV,,43.4081,5.9519400000000005,850.0,,,Cuers Tourves (Ruines chÃ¢teau),LF,25,
VRP,LFBY/N,,43.725,-1.10417,100.0,,,Dax Antenne BÃ¢t blanc Ech. D824,LF,25,
VRP,LFBY/BG,,43.5467,-1.195,,,,Dax Bec de Gave,LF,25,
VRP,LFBY/S,,43.6244,-1.1158299999999999,320.0,,,"Dax Carref. D6 1,5 km NE St-Lon les M",LF,25,
VRP,LFBY/NEA,,43.7572,-1.00944,90.0,,,Dax Ch. D'eau prÃ¨s Ch. De fer,LF,25,
VRP,LFBY/N2,,43.6981,-1.0730600000000001,50.0,,,Dax Ch. D'eau Saubagnac,LF,25,
VRP,LFBY/NE,,43.8539,-0.918889,150.0,,,"Dax Croisement D413-Ligne HT 1,5 km W Lesgor",LF,25,
VRP,LFBY/W,,43.6297,-1.39611,50.0,,,Dax Gare PÃ©age,LF,25,
VRP,LFBY/NG,,43.8236,-0.966667,200.0,,,Dax Gare Triage 3 Km SE Laluque,LF,25,
VRP,LFBY/SEA,,43.5242,-0.9097219999999999,,,,Dax Puyoo,LF,25,
VRP,LFBY/E,,43.6428,-0.9722219999999999,60.0,,,Dax Silo Inter Ch. De Fer Route Sud Mimbaste,LF,25,
VRP,LFBY/SE,,43.49,-0.785556,,,,Dax W Orthez,LF,25,
VRP,LFPG/RH2,,48.9558,2.61528,200.0,,,De Gaulle HÃ©l. Est Mitry le Neuf,LF,25,
VRP,LFPG/N,,49.0497,2.5475,325.0,,,De Gaulle HÃ©l. Inter A1 / VF,LF,25,
VRP,LFPG/RH1,,49.0867,2.55167,775.0,,,De Gaulle HÃ©l. PÃ©age A1,LF,25,
VRP,LFPG/S,,48.9711,2.55167,255.0,,,De Gaulle HÃ©l. Rd Point,LF,25,
VRP,LFPG/BD19,,49.0181,2.5611099999999998,360.0,,,"De Gaulle HÃ©l. Sud TWY B, Tr BD19",LF,25,
VRP,LFPG/EM,,49.0161,2.51861,350.0,,,De Gaulle HÃ©l. Vertic. Aire essai moteur,LF,25,
VRP,LFPG/UN,,49.0003,2.55167,310.0,,,"De Gaulle HÃ©l. Vertic. Bassin rÃ©tention, Nd TWY U",LF,25,
VRP,LFPG/P1,,49.0025,2.6025,325.0,,,"De Gaulle HÃ©l. Vertic. Sud T2, vert. TWY P1",LF,25,
VRP,LFRG/NG,,49.4392,0.372778,10.0,,,Deauville Confluence Risle-Seine,LF,25,
VRP,LFRG/SG,,49.2147,0.21611100000000003,100.0,,,Deauville CroisÃ©e Ligne HT,LF,25,
VRP,LFRG/WG,,49.2856,-0.10222200000000001,15.0,,,Deauville Dives-sur-Mer,LF,25,
VRP,LFRG/EG,,49.3608,0.49055600000000005,10.0,,,Deauville Lac pont Audemer,LF,25,
VRP,LFRG/SD,,49.275,0.199167,50.0,,,Deauville Lac Pont l'EvÃªque,LF,25,
VRP,LFRG/WD,,49.3392,0.045,350.0,,,Deauville Mt Canisy,LF,25,
VRP,LFRG/ED,,49.4367,0.2725,10.0,,,Deauville Sud Pt Normandie,LF,25,
VRP,LFSD/NB,,47.4236,5.1708300000000005,800.0,,,Dijon L. Aire de St-Julien,LF,25,
VRP,LFSD/NA,,47.4472,4.91889,1880.0,,,Dijon L. Antenne Curtil 2500 QNH,LF,25,
VRP,LFSD/SA,,47.0447,4.99667,630.0,,,Dijon L. Autor/Ligne HT,LF,25,
VRP,LFSD/SB,,47.085,5.24028,600.0,,,Dijon L. Coude SaÃ´ne Chaugey,LF,25,
VRP,LFSD/N,,47.5181,5.15,890.0,,,Dijon L. Etang La CrÃ¢,LF,25,
VRP,LFSD/SR,,46.9917,5.1361099999999995,580.0,,,Dijon L. Ãtang Seurre,LF,25,
VRP,LFSD/E1,,47.2542,5.14222,700.0,,,Dijon L. Fauverney,LF,25,
VRP,LFSD/W,,47.2517,5.006390000000001,800.0,,,Dijon L. Gare Triage Gevrey,LF,25,
VRP,LFSD/E,,47.2386,5.2180599999999995,650.0,,,Dijon L. Genlis,LF,25,
VRP,LFSD/SC,,47.1833,5.36667,600.0,,,Dijon L. SW Auxonne,LF,25,
VRP,LFSD/NC,,47.4042,5.325,670.0,,,Dijon L. ZI Mirebeau,LF,25,
VRP,LFRD/NBD,,48.6189,-2.02583,1.0,,,Dinard Bge de la Rance,LF,25,
VRP,LFRD/NWD,,48.6878,-2.31917,1.0,,,Dinard Cap FrÃ©hel,LF,25,
VRP,LFRD/ND,,48.6769,-2.07222,20.0,,,Dinard Ile de CÃ©zembre,LF,25,
VRP,LFRD/LPD,,48.6,-2.01278,1.0,,,Dinard La PassagÃ¨re,LF,25,
VRP,LFRD/WJD,,48.5725,-2.2147200000000002,50.0,,,Dinard Le Guildo,LF,25,
VRP,LFRD/SWD,,48.5219,-2.23278,50.0,,,Dinard Plancoet,LF,25,
VRP,LFRD/ED,,48.5369,-1.9730599999999998,60.0,,,Dinard Pont Saint Hubert,LF,25,
VRP,LFRD/NED,,48.7114,-1.84306,1.0,,,Dinard Pte du Grouin,LF,25,
VRP,LFGJ/N,,47.1219,5.38111,650.0,,,DÃ´le Ech. Est de St-Seine en B.,LF,25,
VRP,LFGJ/W,,46.94,5.15139,580.0,,,DÃ´le Navilly (2 ponts),LF,25,
VRP,LFGJ/S,,47.0231,5.48444,650.0,,,DÃ´le Parcey,LF,25,
VRP,LFGJ/SW,,46.8828,5.2527800000000004,650.0,,,DÃ´le Pierre de Bresse,LF,25,
VRP,LFGJ/SE,,46.9222,5.51389,790.0,,,DÃ´le TasseniÃ¨res,LF,25,
VRP,LFQE/W1,,49.1961,5.54028,760.0,,,Etain Abaucourt Hautecourt,LF,25,
VRP,LFQE/E,,49.2092,5.739719999999999,720.0,,,Etain Bechamps,LF,25,
VRP,LFQE/S,,49.06,5.71194,700.0,,,Etain Etang Doncourt,LF,25,
VRP,LFQE/W,,49.2319,5.606669999999999,700.0,,,Etain Foamex Ornel,LF,25,
VRP,LFQE/E1,,49.1611,5.8238900000000005,620.0,,,Etain Pont sur l'Orne,LF,25,
VRP,LFQE/N,,49.3278,5.66833,760.0,,,Etain Silo Spincourt,LF,25,
VRP,LFOE/HS,,49.0142,1.24583,440.0,,,Evreux Breuil Station Ep.,LF,25,
VRP,LFOE/N,,49.0669,1.175,200.0,,,Evreux CaÃ«r,LF,25,
VRP,LFOE/WC,,48.95,0.95,515.0,,,Evreux Conches en Ouche,LF,25,
VRP,LFOE/WD,,48.875,1.08333,450.0,,,Evreux Damville Ãtang,LF,25,
VRP,LFOE/EW,,49.1261,0.8702780000000001,500.0,,,Evreux Ecardenville,LF,25,
VRP,LFOE/EE,,49.0219,1.4875,490.0,,,Evreux Ech. Chaufour,LF,25,
VRP,LFOE/S2,,48.8875,1.16667,480.0,,,Evreux Ech. N154/D833,LF,25,
VRP,LFOE/EG,,49.2378,1.40472,500.0,,,Evreux Est Andelys Ch. Gaillard,LF,25,
VRP,LFOE/EN,,49.1933,1.24861,450.0,,,Evreux Heudebouville,LF,25,
VRP,LFOE/HN,,49.0369,1.20417,430.0,,,Evreux Huest,LF,25,
VRP,LFOE/WS,,48.8472,1.2166700000000001,480.0,,,Evreux Jonction Ligne HT,LF,25,
VRP,LFOE/WN,,49.1361,0.9027780000000001,430.0,,,Evreux Le Neubourg Hippodr.,LF,25,
VRP,LFOE/EL,,49.2472,1.18056,80.0,,,Evreux Louviers (PÃ©age),LF,25,
VRP,LFOE/ES,,48.7789,1.19444,490.0,,,Evreux Nonancourt,LF,25,
VRP,LFOE/S1,,48.9617,1.21222,480.0,,,Evreux Prey,LF,25,
VRP,LFOE/ET,,49.1778,1.54444,460.0,,,Evreux Tourny Distillerie,LF,25,
VRP,LFKF/SAF,,41.3922,9.09861,1.0,,,Figari Capo Di Feno,LF,25,
VRP,LFKF/NWF,,41.5647,9.04139,1600.0,,,Figari Giannuccio,LF,25,
VRP,LFKF/NF,,41.6667,9.20833,3100.0,,,Figari Lac OspÃ©dale (Est),LF,25,
VRP,LFKF/SF,,41.3869,9.14444,10.0,,,Figari Ph. De la Madonetta,LF,25,
VRP,LFKF/EF,,41.4642,9.27722,1.0,,,Figari Punta di Rondinara,LF,25,
VRP,LFKF/WAF,,41.4753,8.984169999999999,1.0,,,Figari Tour d'Olmeto,LF,25,
VRP,LFKF/WF,,41.4956,8.928889999999999,100.0,,,Figari Tour de Roccapina,LF,25,
VRP,LFBF/SEA,,43.5117,1.3875,500.0,,,Francazal Pinsaguel (PONTS),LF,25,
VRP,LFBF/SE,,43.4333,1.4425,600.0,,,Francazal Venerque,LF,25,
VRP,LFNA/S1,,44.4208,6.0202800000000005,2000.0,,,Gap Barrage Curbans,LF,25,
VRP,LFNA/E1,,44.4794,6.08333,2100.0,,,Gap Carrefour Est Tallard,LF,25,
VRP,LFNA/S,,44.3803,5.9455599999999995,1800.0,,,Gap Pont Durance,LF,25,
VRP,LFNA/E,,44.4678,6.1677800000000005,2200.0,,,Gap Sud Remollon,LF,25,
VRP,LFNA/N,,44.5408,6.03528,2900.0,,,Gap Viaduc,LF,25,
VRP,LFLS/N,,45.4689,5.2975,1800.0,,,Grenoble Champier circuit,LF,25,
VRP,LFLS/S,,45.2517,5.24639,1800.0,,,Grenoble Lac Sud Roybon,LF,25,
VRP,LFLS/NE,,45.4719,5.55583,1620.0,,,Grenoble Nord Lac de Paladru,LF,25,
VRP,LFLS/SE,,45.3097,5.6175,630.0,,,Grenoble Nord Voreppe,LF,25,
VRP,LFLS/W,,45.3239,5.05361,900.0,,,Grenoble Rd Point Dev Beaurepaire,LF,25,
VRP,LFLS/NW,,45.445,5.0325,1200.0,,,Grenoble Tunnel TGV,LF,25,
VRP,LFGB/NH,,47.7792,7.40694,750.0,,,Habsheim Entr. Ech. A35/A36,LF,25,
VRP,LFGB/WH,,47.7306,7.35,1000.0,,,Habsheim Entr. Tr. Sud Antenne,LF,25,
VRP,LFGB/EH,,47.7792,7.49167,750.0,,,Habsheim Sortie Autoroute forÃªt,LF,25,
VRP,LFGB/SH,,47.6944,7.3583300000000005,1150.0,,,Habsheim Sortie Sud Bruebach,LF,25,
VRP,LFTH/WT,,43.1442,5.60444,1.0,,,HyÃ¨res 1 NM Sud Cap de l'Aigle,LF,25,
VRP,LFTH/CL,,43.1103,6.29472,1.0,,,HyÃ¨res Cap de Leoube,LF,25,
VRP,LFTH/ET,,43.1614,6.618060000000001,1.0,,,HyÃ¨res Cap Lardier,LF,25,
VRP,LFTH/PT,,43.0417,5.816669999999999,1.0,,,HyÃ¨res Cap Sicie,LF,25,
VRP,LFTH/DG,,43.1578,6.18361,800.0,,,HyÃ¨res Chap. de Gendarme,LF,25,
VRP,LFTH/MC,,43.1872,5.90111,2638.0,,,HyÃ¨res Mont Caume OBSOLETE,LF,25,
VRP,LFTH/MR,,43.1628,6.11583,500.0,,,HyÃ¨res Mont Redon,LF,25,
VRP,LFTH/PC,,43.0706,6.021669999999999,1.0,,,HyÃ¨res Pte de Carqueiranne,LF,25,
VRP,LFTH/ST,,43.0133,6.2163900000000005,1.0,,,HyÃ¨res Pte Lequin Porquerolles,LF,25,
VRP,LFTH/VC,,43.1917,6.28028,1.0,,,HyÃ¨res Valcros,LF,25,
VRP,LFMI/SB,,43.4397,4.4230599999999995,1.0,,,"Istres 0,8 nm Tr Sud Stes Maries DLM",LF,25,
VRP,LFMI/SC,,43.2106,5.30194,1.0,,,Istres 1 Km W Cap Croisette,LF,25,
VRP,LFMI/MLSC,,43.2106,5.30194,1.0,,,Istres 1 NM W Cap Croisette,LF,25,
VRP,LFMI/NE,,43.5792,4.97694,150.0,,,Istres Autodrome Miramas,LF,25,
VRP,LFMI/SW,,43.3244,5.04167,1.0,,,Istres Carro,LF,25,
VRP,LFMI/S,,43.3244,5.172219999999999,1.0,,,Istres Carry Le Rouet,LF,25,
VRP,LFMI/N5,,43.6414,4.91667,150.0,,,Istres La Samatane carrefour,LF,25,
VRP,LFMI/W2,,43.4072,5.0575,10.0,,,Istres Martigues,LF,25,
VRP,LFMI/NW1,,43.5564,4.72056,10.0,,,Istres Mas Thibert,LF,25,
VRP,LFMI/SG,,43.4144,4.6897199999999994,1.0,,,Istres Ouest Salin de Giraud,LF,25,
VRP,LFMI/S3,,43.4572,5.03222,200.0,,,Istres Saint Mitre les Remparts,LF,25,
VRP,LFMI/NW,,43.6458,4.74944,40.0,,,Istres St Hyppolyte Nd Ech + VF,LF,25,
VRP,LFMI/W3,,43.4817,4.8025,10.0,,,Istres Tr Est le Radeau,LF,25,
VRP,LFMI/N4,,43.5861,4.8830599999999995,100.0,,,Istres Tr le Gd Mas,LF,25,
VRP,LFMI/SD,,43.3753,4.82972,1.0,,,Istres Travers Sud Port St Louis du Rh,LF,25,
VRP,LFMI/S4,,43.4642,4.98583,50.0,,,Istres Vert Etg Levalduc,LF,25,
VRP,LFHU/S,,45.0717,6.105,6000.0,,,L'Alpe d'Huez Col de Cluy,LF,25,
VRP,LFHU/E,,45.0792,6.125,6100.0,,,L'Alpe d'Huez Col de Sarenne,LF,25,
VRP,LFHU/W,,45.075,6.02222,2400.0,,,L'Alpe d'Huez La Paute,LF,25,
VRP,LFHU/SE,,45.0439,6.1416699999999995,3500.0,,,L'Alpe d'Huez Lac Chambon,LF,25,
VRP,LFTZ/ET,,43.1614,6.618060000000001,1.0,,,La Mole Cap Lardier,LF,25,
VRP,LFTZ/E,,43.1647,6.525,1.0,,,La Mole Cavalaire,LF,25,
VRP,LFTZ/EM,,43.2639,6.59278,1.0,,,La Mole Ouest Digue SE Grimaud,LF,25,
VRP,LFJE/S,,44.4619,5.36528,1800.0,,,La Motte Nord Cornillon + Lac,LF,25,
VRP,LFJE/NW,,44.5139,5.35056,2800.0,,,La Motte Tr Est Chalancon,LF,25,
VRP,LFBH/N,,46.295,-1.10639,10.0,,,La Rochelle Charron,LF,25,
VRP,LFBH/S,,46.0756,-1.07667,10.0,,,La Rochelle Hippodrome,LF,25,
VRP,LFBH/NA,,46.2344,-1.15972,30.0,,,La Rochelle La Pelle,LF,25,
VRP,LFBH/EA,,46.205,-1.10222,90.0,,,La Rochelle Saint Xandre,LF,25,
VRP,LFBH/E,,46.2025,-1.02778,60.0,,,La Rochelle Usseau RP N137 N11,LF,25,
VRP,LFBH/SA,,46.1214,-1.11,10.0,,,La Rochelle Virages RN137,LF,25,
VRP,LFRJ/NWL,,48.6103,-4.37889,50.0,,,Landivisiau Kerdroc Croisement,LF,25,
VRP,LFRJ/SEL,,48.4944,-4.04167,300.0,,,Landivisiau Lampaul Guimiliau,LF,25,
VRP,LFRJ/NEL,,48.6806,-3.9972199999999996,100.0,,,Landivisiau Saint Pol de LÃ©on,LF,25,
VRP,LFRJ/EL,,48.5222,-3.94444,350.0,,,Landivisiau Saint Thegonnec,LF,25,
VRP,LFRJ/SWL,,48.4167,-4.2,200.0,,,Landivisiau Sud Ant. Pencran,LF,25,
VRP,LFRO/S,,48.7169,-3.5052800000000004,300.0,,,Lannion Ploulec'h,LF,25,
VRP,LFRO/OL,,48.7169,-3.5052800000000004,300.0,,,Lannion Ploulec'h,LF,25,
VRP,LFRO/OP,,48.7956,-3.44306,50.0,,,Lannion Rd Point,LF,25,
VRP,LFPB/E1,,48.8986,2.55722,380.0,,,Le Bourget Ch. Eau Montfermeil,LF,25,
VRP,LFPB/E2,,48.9322,2.48083,170.0,,,Le Bourget Inter A3 E15,LF,25,
VRP,LFPB/W2,,48.9742,2.36583,240.0,,,Le Bourget Jonction N1 N16,LF,25,
VRP,LFPB/W1,,49.0014,2.185,240.0,,,Le Bourget Patte d'Oie Herblay,LF,25,
VRP,LFMC/NL,,43.4667,6.388330000000001,600.0,,,Le Luc - Lorgues (D10-D48/Hte Tens.),LF,25,
VRP,LFMC/NC,,43.4208,6.38333,300.0,,,Le Luc Centr. Electr. Entraygues,LF,25,
VRP,LFMC/UB,,43.4131,6.34889,500.0,,,Le Luc DÃ©cheterie (Sortie),LF,25,
VRP,LFMC/DG,,43.5583,6.46139,1800.0,,,Le Luc Draguignan (PylÃ´ne),LF,25,
VRP,LFMC/SW,,43.3181,6.29861,600.0,,,Le Luc Gonfaron (Pont),LF,25,
VRP,LFMC/SE,,43.3167,6.47222,1200.0,,,Le Luc La Garde Freynet (Tour),LF,25,
VRP,LFMC/VC,,43.1917,6.28028,900.0,,,Le Luc Le Cannet,LF,25,
VRP,LFMC/NE,,43.45,6.4925,180.0,,,Le Luc Les Arcs (Pont Echangeur),LF,25,
VRP,LFMC/MY,,43.6464,6.06361,1600.0,,,Le Luc Montmeyan (Tr N LycÃ©e),LF,25,
VRP,LFMC/NW,,43.4667,6.3125,320.0,,,Le Luc Pt d'Argens,LF,25,
VRP,LFMC/PL,,43.5222,5.70306,1100.0,,,Le Luc Puyloubier (ChÃ¢teau),LF,25,
VRP,LFMC/BJ,,43.5606,6.010280000000001,1000.0,,,Le Luc Rd Pt Barjols,LF,25,
VRP,LFMC/SA,,43.3394,6.120830000000001,1000.0,,,Le Luc Sainte Anastasie (tr Sud Gymn.),LF,25,
VRP,LFMC/TV,,43.4081,5.91861,1000.0,,,Le Luc Tourves (ruine Ch.),LF,25,
VRP,LFAT/E,,50.4389,1.8394400000000002,30.0,,,Le Touquet Etangs Marles,LF,25,
VRP,LFAT/NE,,50.6333,1.74778,200.0,,,Le Touquet Inter VF/Rte Sud SAMER,LF,25,
VRP,LFAT/EA,,50.4931,1.7138900000000001,30.0,,,Le Touquet Ligne HT Canche,LF,25,
VRP,LFAT/NB,,50.5792,1.57722,1.0,,,Le Touquet Nord Plage Ste CÃ©cile,LF,25,
VRP,LFAT/N,,50.7403,1.5675,1.0,,,Le Touquet Phare Boulogne,LF,25,
VRP,LFAT/NA,,50.6347,1.57694,1.0,,,Le Touquet Plage de Hardelot,LF,25,
VRP,LFAT/S,,50.4194,1.65,50.0,,,Le Touquet Rang du Fliers,LF,25,
VRP,LFYS/SW,,42.425,1.9936099999999999,4300.0,,,LÃ©ocadie Chapelle de Nahuja,LF,25,
VRP,LFYS/E,,42.4456,2.04889,5000.0,,,LÃ©ocadie CÃ´te 1 557 m (ERR/LIO),LF,25,
VRP,LFYS/N,,42.4708,2.03361,4700.0,,,LÃ©ocadie Pont/VF,LF,25,
VRP,LFYS/W,,42.4508,1.955,3820.0,,,LÃ©ocadie Rd-Pt D68/630,LF,25,
VRP,LFOMSG,,49.2417,-1.63306,40.0,,,Lessay Saint Germain WNW AD,LF,25,
VRP,LFQQ/SA,,50.5183,3.13361,130.0,,,Lille Ch. Rd Point Nd GOLF,LF,25,
VRP,LFQQ/SE,,50.4711,3.22778,150.0,,,Lille Ech. A23 D938,LF,25,
VRP,LFQQ/N,,50.6453,2.92917,70.0,,,Lille Echangeur A25 TGV,LF,25,
VRP,LFQQ/SW,,50.4572,2.97139,90.0,,,Lille Pt A1 TGV Canal Deule,LF,25,
VRP,LFQQ/W,,50.5228,2.7930599999999997,80.0,,,Lille SNCF Canal sud La BassÃ©e,LF,25,
VRP,LFQQ/NG,,50.6031,3.11333,150.0,,,Lille Vert. Golf (Attente),LF,25,
VRP,LFBL/SA,,45.7667,1.2394399999999999,900.0,,,Limoges CarriÃ¨re,LF,25,
VRP,LFBL/WA,,45.8667,1.08333,950.0,,,Limoges CarriÃ¨re Nd Vienne,LF,25,
VRP,LFBL/EA,,45.895,1.29389,1100.0,,,Limoges Echangeur,LF,25,
VRP,LFBL/NW,,45.9333,1.0333299999999999,950.0,,,Limoges Oradour Glane,LF,25,
VRP,LFBL/E,,45.8833,1.4,850.0,,,Limoges Saint Priest Taurion,LF,25,
VRP,LFBL/W,,45.8833,1.01667,750.0,,,Limoges Saint Victurnien,LF,25,
VRP,LFBL/S,,45.7556,1.27778,800.0,,,Limoges Solignac,LF,25,
VRP,LFPL/E,,48.83,2.70611,375.0,,,Lognes tr. N. Ferrieres,LF,25,
VRP,LFRH/EL,,47.7194,-3.3472199999999996,1.0,,,Lorient Anse Port Louis,LF,25,
VRP,LFRH/A,,47.6828,-3.02333,120.0,,,Lorient Auray Echangeur,LF,25,
VRP,LFRH/NL,,47.83,-3.3375,250.0,,,Lorient Carref. Saint SÃ©verin,LF,25,
VRP,LFRH/N,,47.9167,-3.3472199999999996,220.0,,,Lorient Carrefour W. Plouay,LF,25,
VRP,LFRH/WL,,47.8,-3.58333,200.0,,,Lorient Clohars Carnoet,LF,25,
VRP,LFRH/NG,,47.8058,-3.45917,150.0,,,Lorient Ech Guidel N165,LF,25,
VRP,LFRH/NE,,47.8692,-3.02944,120.0,,,"Lorient Ech. N24, W Baud",LF,25,
VRP,LFRH/W,,47.8583,-3.75,110.0,,,Lorient Pont Aven,LF,25,
VRP,LFRH/E,,47.6764,-3.2,1.0,,,Lorient Pont Lorois,LF,25,
VRP,LFRH/S,,47.6444,-3.45,1.0,,,Lorient Port Tudy (Groix),LF,25,
VRP,LFRH/NW,,47.8653,-3.54167,40.0,,,Lorient Pt VF SE QuimperlÃ©,LF,25,
VRP,LFRH/SL,,47.6972,-3.45,10.0,,,Lorient Pte du Talut,LF,25,
VRP,LFSX/WN,,48.0028,6.2666699999999995,1100.0,,,Luxeuil Bains les Bains,LF,25,
VRP,LFSX/S1,,47.7564,6.34694,900.0,,,Luxeuil Brotte,LF,25,
VRP,LFSX/W,,47.7667,6.10417,720.0,,,Luxeuil Faverney,LF,25,
VRP,LFSX/SE,,47.6556,6.55417,1050.0,,,Luxeuil Frotey les Lure,LF,25,
VRP,LFSX/N1,,47.8297,6.3772199999999994,1100.0,,,Luxeuil Nd Luxeuil Ville,LF,25,
VRP,LFSX/SP,,47.6639,6.35278,1050.0,,,Luxeuil Pomoy,LF,25,
VRP,LFSX/WS,,47.6889,6.047219999999999,800.0,,,Luxeuil Port sur SaÃ´ne,LF,25,
VRP,LFSX/S,,47.6944,6.2805599999999995,1000.0,,,Luxeuil Saulx,LF,25,
VRP,LFSX/N,,47.8875,6.3875,1000.0,,,Luxeuil W Fougerolles,LF,25,
VRP,LFLY/NW,,45.845,4.83333,550.0,,,Lyon Bron Barrage de Couzon,LF,25,
VRP,LFLY/S,,45.5897,4.79667,600.0,,,Lyon Bron Echg Chasse,LF,25,
VRP,LFLY/N,,45.8919,4.8011099999999995,600.0,,,Lyon Bron G.Triage St Germain,LF,25,
VRP,LFLY/SA,,45.6497,4.84056,530.0,,,Lyon Bron Gare Triage FEYZIN,LF,25,
VRP,LFLY/NA,,45.8569,4.91333,900.0,,,Lyon Bron Inter A6 TGV N83,LF,25,
VRP,LFLY/TW,,45.7169,5.0705599999999995,785.0,,,Lyon Bron Rd Pt Ouest Satolas,LF,25,
VRP,LFLY/MS,,45.7233,5.0233300000000005,750.0,,,Lyon Bron Rd Pt SE Genas,LF,25,
VRP,LFLL/NW,,45.845,4.83333,550.0,,,Lyon St-Ex Barrage Crouzon,LF,25,
VRP,LFLL/S,,45.5897,4.79667,600.0,,,Lyon St-Ex Ech Chasse,LF,25,
VRP,LFLL/N,,45.8919,4.8011099999999995,600.0,,,Lyon St-Ex Gare triage Saint G,LF,25,
VRP,LFLL/NA,,45.8569,4.91333,900.0,,,Lyon St-Ex Inter A46 TGV N83,LF,25,
VRP,LFLL/TW,,45.7169,5.0705599999999995,790.0,,,Lyon St-Ex Rd Pt de l'Europe,LF,25,
VRP,LFLL/MS,,45.7233,5.0233300000000005,750.0,,,Lyon St-Ex Rd Pt SE Genas,LF,25,
VRP,LFLL/EA,,45.7231,5.2297199999999995,700.0,,,Lyon St-Ex Rd Pt W Cremieu,LF,25,
VRP,LFLL/MC,,45.7292,5.1538900000000005,700.0,,,Lyon St-Ex Stade Chavagneux,LF,25,
VRP,LFLL/TE,,45.725,5.115,830.0,,,Lyon St-Ex Tr. Est Saugnieu,LF,25,
VRP,LFLL/SA,,45.6497,4.84056,530.0,,,Lyon St-Gare Triage FEYZIN,LF,25,
VRP,LFML/SC,,43.2106,5.30194,1.0,,,Marseille 1 NM W Cap Croisette,LF,25,
VRP,LFML/EB,,43.4106,5.32472,520.0,,,Marseille Carref Est Pennes Mir,LF,25,
VRP,LFML/CB,,43.6269,5.404719999999999,1500.0,,,Marseille Ch. De Cabanne,LF,25,
VRP,LFML/EA,,43.4314,5.384440000000001,720.0,,,Marseille Ech Sud CabriÃ¨s,LF,25,
VRP,LFML/SA,,43.3742,5.18806,100.0,,,Marseille Est Ch les Martigues,LF,25,
VRP,LFML/SB,,43.4075,5.1847199999999996,1.0,,,Marseille Ãtang/Canal,LF,25,
VRP,LFML/NB,,43.4714,5.24222,660.0,,,Marseille Radar Vitrolles,LF,25,
VRP,LFML/LP,,43.6164,5.315,800.0,,,Marseille Saint Cannat-La Pile,LF,25,
VRP,LFML/SW,,43.3244,5.04167,1.0,,,Marseille Sud Carro (CTR Istres),LF,25,
VRP,LFML/S,,43.3244,5.172219999999999,1.0,,,Marseille Sud Carry Le Rouet,LF,25,
VRP,LFML/E,,43.44,5.45167,1200.0,,,Marseille Terril SW Gardanne,LF,25,
VRP,LFML/NA,,43.555,5.28389,350.0,,,Marseille Ventabren A8/D19,LF,25,
VRP,LFHM/N,,45.8444,6.620830000000001,5600.0,,,Megeve Nov 5 600 AMSL,LF,25,
VRP,LFPM/B,,48.5714,2.46889,280.0,,,Melun A6 RN191 + VF,LF,25,
VRP,LFPM/SM,,48.4867,2.70194,250.0,,,Melun Chartrettes Nd Seine,LF,25,
VRP,LFPM/N,,48.6942,2.72056,350.0,,,Melun TGV Triangle,LF,25,
VRP,LFKX/MOU,,45.4833,6.53333,1700.0,,,Meribel Moutiers,LF,25,
VRP,LFQT/N,,50.7753,2.5638900000000002,200.0,,,Merville Ant 2nm sud Steenv,LF,25,
VRP,LFQT/EA,,50.6408,2.745,50.0,,,Merville Ch. d'eau Est Estaires,LF,25,
VRP,LFQT/NA,,50.6833,2.57083,90.0,,,Merville Ch. La Motte,LF,25,
VRP,LFQT/S,,50.4353,2.70417,250.0,,,Merville Ech. LiÃ©vin,LF,25,
VRP,LFQT/NE,,50.6839,2.84333,50.0,,,Merville Ech. W ArmentiÃ¨res,LF,25,
VRP,LFQT/EB,,50.5753,2.775,60.0,,,Merville MÃ©morial Inter RD171/RD947,LF,25,
VRP,LFQT/SA,,50.5411,2.65056,70.0,,,Merville Rd-Pt NE BÃ©thune,LF,25,
VRP,LFQT/WA,,50.6264,2.55111,50.0,,,Merville RD19/Lys,LF,25,
VRP,LFQT/W,,50.6461,2.40806,70.0,,,Merville Silos Est Aire sur La Lys,LF,25,
VRP,LFSF/NW,,49.0781,6.07417,600.0,,,Metz Fr Ars s Moselle Etang,LF,25,
VRP,LFSF/N2,,49.2958,6.3430599999999995,700.0,,,Metz Fr Hombourg Budange,LF,25,
VRP,LFSF/W,,49.0989,5.88889,800.0,,,Metz Fr Mars La Tour,LF,25,
VRP,LFSF/NE,,49.0758,6.223330000000001,620.0,,,Metz Fr Peltre Rte + VF,LF,25,
VRP,LFSF/SW,,48.8836,6.06139,600.0,,,Metz Fr Pt Ã  Mousson Zone,LF,25,
VRP,LFSF/M,,49.0067,6.20556,650.0,,,Metz Fr Verny,LF,25,
VRP,LFSF/N1,,49.1986,6.27917,750.0,,,Metz Fr Vigy EdF,LF,25,
VRP,LFSF/MLM,,49.2153,6.16389,550.0,,,Metz Maizieres les Metz Stade,LF,25,
VRP,LFJL/NW,,49.0781,6.07417,590.0,,,Metz NL Ars Sur Moselle,LF,25,
VRP,LFJL/S,,48.7417,6.35139,780.0,,,Metz NL Champenoux,LF,25,
VRP,LFJL/SE,,48.8472,6.4541699999999995,1000.0,,,Metz NL Fresnes en Saulnois,LF,25,
VRP,LFJL/E,,48.99,6.4352800000000006,750.0,,,Metz NL Han sur Nied,LF,25,
VRP,LFJL/W,,49.0364,6.27861,750.0,,,Metz NL Inter A31,LF,25,
VRP,LFJL/NE,,49.0758,6.223330000000001,650.0,,,Metz NL Peltre,LF,25,
VRP,LFJL/SW,,48.8836,6.06139,600.0,,,Metz NL Pont Ã  Mousson Zone,LF,25,
VRP,LFJL/N1,,49.1986,6.27917,740.0,,,Metz NL Poste EDF Vigy,LF,25,
VRP,LFJL/M,,49.0067,6.20556,700.0,,,Metz NL Verny,LF,25,
VRP,LFSF/SMC,,49.1931,6.0,900.0,,,Metz Sainte Marie Aux Chenes,LF,25,
VRP,LFBM/N,,43.9928,-0.5352779999999999,220.0,,,Mont de Marsan CÃ¨re,LF,25,
VRP,LFBM/NW,,44.0461,-0.650278,290.0,,,Mont de Marsan Garein,LF,25,
VRP,LFBM/E,,43.9417,-0.4075,320.0,,,Mont de Marsan Le Caloy,LF,25,
VRP,LFBM/SW1,,43.8639,-0.708333,210.0,,,Mont de Marsan Meilhan,LF,25,
VRP,LFBM/SE,,43.8894,-0.44444399999999995,200.0,,,Mont de Marsan Rocade Est,LF,25,
VRP,LFBM/NE,,44.0342,-0.323333,230.0,,,Mont de Marsan Roquefort,LF,25,
VRP,LFBM/SE1,,43.8358,-0.30027800000000004,310.0,,,Mont de Marsan St-Gein,LF,25,
VRP,LFBM/SW,,43.8656,-0.5905560000000001,270.0,,,Mont de Marsan St-Perdon,LF,25,
VRP,LFLT/S,,46.3325,2.55972,800.0,,,MontluÃ§on D. Ãtang de Sault,LF,25,
VRP,LFLT/N,,46.3831,2.5866700000000002,650.0,,,MontluÃ§on D. Piste Dunlop,LF,25,
VRP,LFMT/SW,,43.5125,3.88361,10.0,,,Montpellier Cath. Maguelone,LF,25,
VRP,LFMT/NE,,43.68,3.98083,250.0,,,Montpellier Ch d'eau Castries,LF,25,
VRP,LFMT/NC,,43.6253,4.00389,50.0,,,Montpellier Ch d'eau Mauguio + Ech.,LF,25,
VRP,LFMT/NW,,43.6742,3.81944,430.0,,,Montpellier Ech. Sud St-Gely + CC,LF,25,
VRP,LFMT/ER,,43.5786,4.10083,10.0,,,Montpellier Echangeur D62/D61 N Gde M,LF,25,
VRP,LFMT/N,,43.7914,4.09028,150.0,,,Montpellier Nord SommiÃ¨res,LF,25,
VRP,LFMT/W,,43.5622,3.8305599999999997,110.0,,,Montpellier PÃ©age Saint Jean de Vedas,LF,25,
VRP,LFMT/SF,,43.4661,3.8152800000000004,5.0,,,Montpellier Pont entre Ã©tangs,LF,25,
VRP,LFMT/AM,,43.5636,4.19278,10.0,,,Montpellier Remparts Aigues M,LF,25,
VRP,LFMT/ES,,43.4828,4.14194,1.0,,,Montpellier Sud Ph Espiguette,LF,25,
VRP,LFBR/SA,,43.4,1.44167,600.0,,,Muret Boucle de l'AriÃ¨ge,LF,25,
VRP,LFBR/SN,,43.3583,1.275,650.0,,,Muret NoÃ©,LF,25,
VRP,LFSO/N,,48.8375,6.068890000000001,650.0,,,Nancy Ochey Dieulouard,LF,25,
VRP,LFSO/E,,48.7639,6.13056,1000.0,,,Nancy Ochey Frouard,LF,25,
VRP,LFSO/S,,48.6833,5.9,700.0,,,Nancy Ochey Toul,LF,25,
VRP,LFSO/W,,48.6833,5.61667,800.0,,,Nancy Ochey Void Vacon,LF,25,
VRP,LFRS/W3,,47.0433,-1.9525,30.0,,,Nantes Bourgneuf en R.,LF,25,
VRP,LFRS/NE,,47.1522,-1.39056,200.0,,,Nantes Ch. Eau La Haye F.,LF,25,
VRP,LFRS/E2,,47.0839,-1.26889,120.0,,,Nantes Clisson,LF,25,
VRP,LFRS/W2,,47.2917,-1.8780599999999998,50.0,,,Nantes Cordemais,LF,25,
VRP,LFRS/W,,47.2072,-1.7863900000000001,20.0,,,Nantes Ecluse Canal MartiniÃ¨re,LF,25,
VRP,LFRS/W1,,47.4406,-1.5,50.0,,,Nantes Nort sur Erdre,LF,25,
VRP,LFRS/E,,47.0964,-1.44917,160.0,,,Nantes PÃ©age Rd-Pt Butay,LF,25,
VRP,LFRS/E1,,47.3722,-1.02111,40.0,,,Nantes Pt de Varades,LF,25,
VRP,LFRS/SW,,47.1078,-1.7886099999999998,50.0,,,Nantes Sainte Pazanne,LF,25,
VRP,LFRS/NW,,47.2572,-1.68528,200.0,,,Nantes Sautron (H.T.),LF,25,
VRP,LFRS/E3,,46.8381,-1.4172200000000001,250.0,,,Nantes St Denis lÃ¨s Lucs,LF,25,
VRP,LFRS/W4,,47.1078,-1.7886099999999998,40.0,,,Nantes Ste Pazanne,LF,25,
VRP,LFMN/SB,,43.5353,7.145,1.0,,,Nice 1 nm Sud Cap Gros,LF,25,
VRP,LFMN/SA,,43.4889,7.046939999999999,1.0,,,Nice 1 nm sud Ile Saint Honorat,LF,25,
VRP,LFMN/E,,43.75,7.51111,1.0,,,"Nice 1,5 NM Sud Port Menton",LF,25,
VRP,LFMN/NA,,43.75,7.18889,200.0,,,Nice Bge Nord Var,LF,25,
VRP,LFMN/WA,,43.6669,7.145560000000001,150.0,,,Nice Ch. De Cagnes,LF,25,
VRP,LFMN/TE,,43.6386,7.3025,1.0,,,Nice en Mer Pt TE,LF,25,
VRP,LFMN/TS,,43.5836,7.22,1.0,,,Nice en Mer Pt TS,LF,25,
VRP,LFMN/EW,,43.66,6.98,850.0,,,Nice Golf Sud Opio,LF,25,
VRP,LFMN/NB,,43.7,7.188060000000001,100.0,,,Nice PÃ©age Saint Isidore,LF,25,
VRP,LFMN/WN,,43.6683,7.19722,50.0,,,Nice Pt autoroute sur Var,LF,25,
VRP,LFMN/EC,,43.7014,7.426939999999999,1.0,,,Nice Sud MusÃ©e OcÃ©anogr.,LF,25,
VRP,LFMN/EA,,43.6547,7.345560000000001,1.0,,,Nice Tr. Pte du Colombier,LF,25,
VRP,LFME/AS,,43.6819,4.21389,20.0,,,NÃ®mes C. Aimargues,LF,25,
VRP,LFME/AL,,43.6664,4.5875,20.0,,,NÃ®mes C. Arles W RhÃ´ne,LF,25,
VRP,LFME/BC,,43.8303,4.63333,50.0,,,NÃ®mes C. Beaucaire ,LF,25,
VRP,LFME/CA,,43.7794,4.194719999999999,150.0,,,NÃ®mes C. Calvisson,LF,25,
VRP,LFME/SG,,43.6442,4.43222,15.0,,,NÃ®mes C. Ãcluse,LF,25,
VRP,LFME/P,,43.6903,4.54444,15.0,,,NÃ®mes C. PÃ©age,LF,25,
VRP,LFME/SN,,43.9531,4.42389,400.0,,,NÃ®mes C. Sanilhac-SagriÃ¨s,LF,25,
VRP,LFTW/BG,,43.7533,4.5144400000000005,200.0,,,NÃ®mes G Bellegarde (HÃ©l.),LF,25,
VRP,LFTW/ET,,43.6192,4.259440000000001,1.0,,,NÃ®mes G Canal W Etg du Charnier,LF,25,
VRP,LFTW/BC,,43.8303,4.63333,50.0,,,NÃ®mes G Nord Beaucaire ,LF,25,
VRP,LFTW/RD,,43.8314,4.4972199999999996,200.0,,,NÃ®mes G Redessan (HÃ©l.),LF,25,
VRP,LFTW/CZ,,43.8153,4.32861,300.0,,,NÃ®mes G Saint Cesaire (HÃ©l.),LF,25,
VRP,LFTW/CA,,43.7794,4.194719999999999,150.0,,,NÃ®mes G Sud Calvisson,LF,25,
VRP,LFTW/UH,,43.7561,4.2675,100.0,,,NÃ®mes G Uchaud (HÃ©l.),LF,25,
VRP,LFTW/AL,,43.6664,4.5875,15.0,,,NÃ®mes G West Arles,LF,25,
VRP,LFTW/AS,,43.6819,4.21389,20.0,,,NÃ®mes G. Aimargues,LF,25,
VRP,LFTW/SN,,43.9531,4.42389,400.0,,,NÃ®mes G. Sanilhac-SagriÃ¨s,LF,25,
VRP,LFMO/NW,,44.3736,4.63972,300.0,,,Orange Bourg St-AndrÃ©ol,LF,25,
VRP,LFMO/WA,,44.1042,4.75972,100.0,,,Orange Caderousse,LF,25,
VRP,LFMO/SE,,44.0669,5.03722,300.0,,,Orange Carpentras,LF,25,
VRP,LFMO/WB,,44.2419,4.71194,250.0,,,Orange Mondragon,LF,25,
VRP,LFMO/SW,,44.0694,4.76583,100.0,,,Orange Nd Roquemaure,LF,25,
VRP,LFMO/E,,44.1789,4.91889,310.0,,,Orange Plan de Dieu,LF,25,
VRP,LFMO/NE,,44.2839,4.92694,470.0,,,Orange Tulette,LF,25,
VRP,LFOJ/S,,47.8194,1.64167,370.0,,,Orleans Br Aire Repos A10,LF,25,
VRP,LFOJ/SE,,47.9028,1.84722,370.0,,,Orleans Br Ech. A10 A71,LF,25,
VRP,LFOJ/N,,48.1019,1.88333,400.0,,,Orleans Br Etang Nd Artenay,LF,25,
VRP,LFOJ/E,,47.95,1.8488900000000001,400.0,,,Orleans Br Saran Echang.,LF,25,
VRP,LFOJ/NW,,48.0472,1.70417,400.0,,,Orleans Br ZI Patay,LF,25,
VRP,LFPO/BCR,,48.7,2.6030599999999997,300.0,,,Paris Orly Brie Comte Robert,LF,25,
VRP,LFPO/VAI,,48.875,2.6430599999999997,150.0,,,Paris Orly Vaires,LF,25,
VRP,LFBP/S,,43.2986,-0.486667,950.0,,,Pau Ch. d'eau,LF,25,
VRP,LFBP/N,,43.4947,-0.37,800.0,,,Pau Ch. Eau Ã  LÃ¨me,LF,25,
VRP,LFBP/NE,,43.46,-0.322778,800.0,,,Pau Inter RN134 D944,LF,25,
VRP,LFBP/SW,,43.3211,-0.577778,500.0,,,Pau Moneim,LF,25,
VRP,LFBP/NA,,43.42,-0.346111,950.0,,,Pau NavaillÃ¨s Angos ch. eau,LF,25,
VRP,LFBP/SA,,43.3367,-0.460556,500.0,,,Pau Rd Pt RN117 D509 Silos,LF,25,
VRP,LFBP/SE,,43.2789,-0.387778,650.0,,,Pau Rd Pt RN134 D100 JuranÃ§on,LF,25,
VRP,LFBP/W,,43.415,-0.5755560000000001,450.0,,,Pau West Artix A64 H.T.,LF,25,
VRP,LFMP/MS,,42.6083,2.86056,220.0,,,Perpignan Ech. N612/N9 Mas Sab.,LF,25,
VRP,LFMP/E,,42.7789,3.03861,1.0,,,Perpignan Embouch. Agly,LF,25,
VRP,LFMP/SE,,42.7031,3.0375,1.0,,,Perpignan EntrÃ©e Port Canet,LF,25,
VRP,LFMP/PC,,42.6197,3.03917,1.0,,,Perpignan EntrÃ©e Port St-Cyprien,LF,25,
VRP,LFMP/NL,,42.9103,3.05583,1.0,,,Perpignan Ph. Cap Leucate,LF,25,
VRP,LFMP/WS,,42.6819,2.75917,220.0,,,Perpignan Plan d'eau Bosigues,LF,25,
VRP,LFMP/EA,,42.7639,2.98694,20.0,,,Perpignan Pont sur l'Agly,LF,25,
VRP,LFMP/NF,,42.8767,3.05583,1.0,,,Perpignan Prequ'ile Port Fitou,LF,25,
VRP,LFIP/E,,42.8028,0.46527799999999997,5400.0,,,Peyresourde  (Col de ),LF,25,
VRP,LFIP/N1,,42.9014,0.37083299999999997,2500.0,,,Peyresourde Arreau,LF,25,
VRP,LFIP/S,,42.7861,0.41111099999999995,3200.0,,,Peyresourde Centr. Electr.,LF,25,
VRP,LFIP/N2,,42.8119,0.40777800000000003,3100.0,,,Peyresourde N Lac Genos,LF,25,
VRP,LFQP/SW,,48.69,7.13417,1100.0,,,Phalsbourg 2 Rd-Point Nd 3 Fontaines,LF,25,
VRP,LFQP/DN,,48.51,7.161389999999999,3150.0,,,Phalsbourg Ant. De Donon,LF,25,
VRP,LFQP/NE,,48.8667,7.4572199999999995,700.0,,,Phalsbourg Centrale voltaÃ¯que Ingviller,LF,25,
VRP,LFQP/W,,48.7647,7.06694,800.0,,,Phalsbourg Crois. LGV/D43 Sud Sarraltroff,LF,25,
VRP,LFQP/BL,,48.6075,6.861389999999999,950.0,,,Phalsbourg Ech. De BlÃ¢mont,LF,25,
VRP,LFQP/DZ,,48.7406,6.6641699999999995,730.0,,,Phalsbourg Ech. De Ley,LF,25,
VRP,LFQP/N,,48.8633,7.18111,900.0,,,Phalsbourg Ech. W Drulingen,LF,25,
VRP,LFQP/E,,48.8003,7.404439999999999,650.0,,,Phalsbourg Hangar prox. Rd Pt Sud Dossenheim,LF,25,
VRP,LFQP/S,,48.6522,7.27083,2000.0,,,Phalsbourg La Hoube,LF,25,
VRP,LFMN/PF,,43.5394,7.67778,1.0,,,Phare de la Fourmigue,LF,25,
VRP,LFCH/SD,,44.5731,-1.22333,200.0,,,Plage du Petit Nice,LF,25,
VRP,LFBI/S,,46.4486,0.269444,500.0,,,Poitiers A10 RÃ©servoir,LF,25,
VRP,LFBI/EA,,46.5917,0.394444,380.0,,,Poitiers Chem orange Usine,LF,25,
VRP,LFBI/S1,,46.5467,0.335556,260.0,,,Poitiers Crois. Ch de Fer SSW St BenoÃ®t,LF,25,
VRP,LFBI/N,,46.6947,0.251944,360.0,,,Poitiers Rd Point Nord Neuville de P.,LF,25,
VRP,LFBI/WA,,46.6286,0.264167,350.0,,,Poitiers Rd Pt Moulinet,LF,25,
VRP,LFBI/E,,46.5589,0.500556,380.0,,,Poitiers StJulien Ars VF/Rte,LF,25,
VRP,LFBI/W,,46.6467,0.17027799999999998,400.0,,,Poitiers VouillÃ© rte riviÃ¨re,LF,25,
VRP,LFPT/NW,,49.1475,1.89917,321.0,,,Pontoise Ch. Eau Bercagny,LF,25,
VRP,LFPT/E,,49.0783,2.10722,320.0,,,Pontoise Ãnnery,LF,25,
VRP,LFPT/SW,,48.9706,1.7961099999999999,90.0,,,Pontoise Sud RÃ©s. Gargenville,LF,25,
VRP,LFRQ/NW,,48.0431,-4.2041699999999995,400.0,,,Quimper Guengat,LF,25,
VRP,LFRQ/N,,48.0044,-4.16111,300.0,,,Quimper Inter D765 D784,LF,25,
VRP,LFRQ/S,,47.9397,-4.178059999999999,150.0,,,Quimper Plomelin intersect. 4 voies,LF,25,
VRP,LFRQ/SW,,47.8697,-4.22194,50.0,,,Quimper Pont-l'AbbÃ©,LF,25,
VRP,LFRQ/W,,47.9556,-4.3583300000000005,200.0,,,Quimper Pouldreuzic,LF,25,
VRP,LFRQ/SE,,47.8875,-4.11806,20.0,,,Quimper Pt de Cornouaille BÃ©nodet,LF,25,
VRP,LFRQ/NE,,48.04,-4.06917,450.0,,,Quimper Ty Sanguer,LF,25,
VRP,LFRN/NE,,48.1856,-1.65028,220.0,,,Rennes Betton,LF,25,
VRP,LFRN/S,,48.0231,-1.7438900000000002,150.0,,,Rennes Bruz,LF,25,
VRP,LFRN/E,,48.1167,-1.56667,180.0,,,Rennes Cesson-SÃ©vignÃ© Echangeur,LF,25,
VRP,LFRN/SE,,47.9819,-1.58444,250.0,,,Rennes Corps Nuds,LF,25,
VRP,LFRN/SW,,47.9697,-1.79528,300.0,,,Rennes Guichen,LF,25,
VRP,LFRN/NW,,48.1578,-1.83083,200.0,,,Rennes Saint Gilles Ech N12,LF,25,
VRP,LFRN/N,,48.125,-1.75833,200.0,,,Rennes Vezin le Coquet,LF,25,
VRP,LFHREN/ER,,43.3681,1.7475,750.0,,,Renneville HÃ©l. Antenne,LF,25,
VRP,LFHREN/NA,,43.3847,1.70472,600.0,,,Renneville HÃ©l. Canal W Aqueduc Voutes,LF,25,
VRP,LFHREN/SA,,43.3594,1.72917,630.0,,,Renneville HÃ©l. D25/CV de la Guirande,LF,25,
VRP,LFHREN/WR,,43.3489,1.6530599999999998,810.0,,,Renneville HÃ©l. Est Lac,LF,25,
VRP,LFHREN/SR,,43.3306,1.79083,760.0,,,Renneville HÃ©l. Lestrade,LF,25,
VRP,LFHREN/WA,,43.3567,1.71,710.0,,,Renneville HÃ©l. Oaransou 400 m Sud Le Breton,LF,25,
VRP,LFHREN/NR,,43.3989,1.6969400000000001,570.0,,,Renneville HÃ©l. PÃ©age Villefranche,LF,25,
VRP,LFHREN/SB,,43.3647,1.7277799999999999,600.0,,,Renneville HÃ©l. Sierra Bravo,LF,25,
VRP,LFHREN/WB,,43.3703,1.6875,700.0,,,Renneville HÃ©l. W Ferme En Bayssie,LF,25,
VRP,LFCR/S,,44.2778,2.42778,2600.0,,,Rodez Baraqueville prÃ¨s Lac,LF,25,
VRP,LFCR/N,,44.4717,2.7227799999999998,1850.0,,,Rodez Bozouls,LF,25,
VRP,LFCR/E,,44.4075,2.74194,1900.0,,,Rodez Montrozier,LF,25,
VRP,LFCR/SA,,44.3444,2.4411099999999997,2400.0,,,Rodez MoyrazÃ©s,LF,25,
VRP,LFCR/W,,44.3761,2.23611,1500.0,,,Rodez Tr Nd PrÃ©vinquiÃ¨res,LF,25,
VRP,LFCR/EA,,44.4081,2.60417,2000.0,,,Rodez Tr Nd SÃ©bazac Est VF,LF,25,
VRP,LFOP/NW,,49.5483,0.9536110000000001,350.0,,,Rouen Barentin,LF,25,
VRP,LFOP/NL,,49.7578,1.48694,550.0,,,Rouen Ech. Autor. NeufchÃ¢tel,LF,25,
VRP,LFOP/S,,49.3167,1.24722,30.0,,,Rouen Ecluses Etg de Poses,LF,25,
VRP,LFOP/E,,49.3586,1.35889,120.0,,,Rouen Fleury sur And.,LF,25,
VRP,LFOP/N,,49.4928,1.15944,510.0,,,Rouen Isneauville,LF,25,
VRP,LFOP/W,,49.31,0.9988889999999999,50.0,,,Rouen Viaduc Orival,LF,25,
VRP,LFHSTC/SE,,45.4719,4.51611,1255.0,,,Saint Chamond HÃ©l.Sierra Echo VF,LF,25,
VRP,LFMH/W,,45.5575,4.1258300000000006,1500.0,,,Saint Etienne Butte Saint Romain le Puy,LF,25,
VRP,LFMH/N,,45.7394,4.22139,1150.0,,,Saint Etienne Hippodr. Feurs,LF,25,
VRP,LFMH/NA,,45.6442,4.23139,1200.0,,,Saint Etienne Int. Montrond les Bains,LF,25,
VRP,LFMH/S,,45.3928,4.29167,1600.0,,,Saint Etienne Intersec. Firminy,LF,25,
VRP,LFMH/SE,,45.4731,4.518330000000001,1300.0,,,Saint Etienne Saint Chamond Gare,LF,25,
VRP,LFMH/NE,,45.6325,4.45389,2000.0,,,Saint Etienne Saint Symphorien Eglise,LF,25,
VRP,LFRZ/N,,47.4464,-2.09028,70.0,,,Saint Nazaire Ech. PontchÃ¢teau,LF,25,
VRP,LFRZ/NW,,47.4497,-2.31694,50.0,,,Saint Nazaire Herbignac,LF,25,
VRP,LFRZ/W1,,47.2856,-2.2511099999999997,30.0,,,Saint Nazaire Lac ImmaculÃ©e,LF,25,
VRP,LFRZ/E,,47.2817,-2.02833,30.0,,,Saint Nazaire Paimboeuf,LF,25,
VRP,LFRZ/W,,47.2342,-2.29861,1.0,,,Saint Nazaire Pte de Chemoulin,LF,25,
VRP,LFLN/E,,46.4339,4.275,930.0,,,Saint Yan Charolles,LF,25,
VRP,LFLN/NE,,46.5819,4.23944,890.0,,,Saint Yan GÃ©nelard,LF,25,
VRP,LFLN/S,,46.2031,4.077780000000001,870.0,,,Saint Yan Iguerande,LF,25,
VRP,LFLN/W,,46.3506,3.79389,970.0,,,Saint Yan Le Donjon,LF,25,
VRP,LFLN/WA,,46.4069,3.9008300000000005,920.0,,,Saint Yan Le Pin Ch Eau SE,LF,25,
VRP,LFLN/EA,,46.44,4.14083,810.0,,,Saint Yan Paray Le M Embr. VF,LF,25,
VRP,LFLN/NW,,46.5067,3.8161099999999997,740.0,,,Saint Yan Pierrefitte s Loire,LF,25,
VRP,LFLN/SA,,46.3347,3.9627800000000004,940.0,,,Saint Yan W Avrilly,LF,25,
VRP,LFMY/ME,,43.7367,5.191669999999999,360.0,,,Salon Barrage SW Mallemort,LF,25,
VRP,LFMY/W,,43.6286,5.04056,230.0,,,Salon Circuit Michelin,LF,25,
VRP,LFMY/CH,,43.7317,5.24167,450.0,,,Salon Ãtang Nd Charleval,LF,25,
VRP,LFMY/LR,,43.7222,5.27528,500.0,,,Salon La Roque Croisement,LF,25,
VRP,LFMY/LA,,43.7006,5.1016699999999995,500.0,,,Salon Lamanon,LF,25,
VRP,LFMY/EG,,43.7197,5.02444,450.0,,,Salon Nord EyguiÃ¨res,LF,25,
VRP,LFMY/PS,,43.7406,5.09111,320.0,,,Salon PÃ©age SÃ©nas,LF,25,
VRP,LFMY/CV,,43.8108,5.0422199999999995,230.0,,,Salon Pt TGV Cavaillon,LF,25,
VRP,LFMY/SW,,43.555,5.08833,380.0,,,Salon SE Cornillon,LF,25,
VRP,LFMY/N,,43.6208,5.29694,710.0,,,Salon/Saint-Cannat,LF,25,
VRP,LFPN/S,,48.7097,2.11028,530.0,,,Sierra de Toussus,LF,25,
VRP,LFKS/AS,,41.7164,9.40194,1.0,,,Solenzara Fautea,LF,25,
VRP,LFKS/AW,,42.0356,9.40028,160.0,,,Solenzara Ghisonaccia AD,LF,25,
VRP,LFSI/N1,,48.725,4.77278,400.0,,,St Dizier Biesme,LF,25,
VRP,LFSI/N,,48.7358,4.9025,550.0,,,St Dizier Cheminon,LF,25,
VRP,LFSI/N2,,48.6697,4.73583,400.0,,,St Dizier Orconte,LF,25,
VRP,LFSI/E2,,48.5258,5.1025,580.0,,,St Dizier Rachecourt,LF,25,
VRP,LFSI/E1,,48.6531,5.18583,700.0,,,St Dizier Stainville,LF,25,
VRP,LFSI/S,,48.5031,4.95611,650.0,,,St Dizier Wassy,LF,25,
VRP,LFPZ/P1,,48.7992,1.96583,530.0,,,St-Cyr N12 Les GÃ¢tines (78),LF,25,
VRP,LFPZ/P2,,48.7989,1.9908299999999999,520.0,,,St-Cyr N12 ZAC Pissaloup (78),LF,25,
VRP,LFST/E,,48.4769,7.751939999999999,480.0,,,Strasbourg Base naut Plobsheim,LF,25,
VRP,LFST/W,,48.6897,7.498889999999999,640.0,,,Strasbourg BÃ¢t industriel,LF,25,
VRP,LFST/WA,,48.5642,7.6,680.0,,,Strasbourg Ch. Eau Kolbsheim,LF,25,
VRP,LFST/EA,,48.525,7.66528,480.0,,,Strasbourg Ech. A35 D400,LF,25,
VRP,LFST/N,,48.7483,7.68417,515.0,,,Strasbourg Ech. Brumath Nord A4/A340,LF,25,
VRP,LFST/W1,,48.5694,7.528060000000001,550.0,,,Strasbourg Ergersheim D30/D45,LF,25,
VRP,LFST/WB,,48.6028,7.59583,590.0,,,Strasbourg Ittenheim RN4,LF,25,
VRP,LFST/S,,48.3211,7.48833,540.0,,,Strasbourg Jonct. Autor. A35/RN83,LF,25,
VRP,LFST/N1,,48.5736,7.80167,450.0,,,Strasbourg Pt de l'Europe,LF,25,
VRP,LFST/W2,,48.52,7.4977800000000006,600.0,,,Strasbourg Rd Pt Dorlisheim,LF,25,
VRP,LFST/EB,,48.5083,7.69667,460.0,,,Strasbourg Rd Pt RN83 RN353,LF,25,
VRP,LFST/NE,,48.6839,7.875560000000001,410.0,,,Strasbourg Sud Gambsheim,LF,25,
VRP,LFBT/EA,,43.1764,0.0877778,1300.0,,,Tarbes MomÃ¨res,LF,25,
VRP,LFBT/W,,43.1928,-0.116389,1250.0,,,Tarbes Pontacq,LF,25,
VRP,LFBT/E,,43.1972,0.195278,1200.0,,,Tarbes Viaduc Autoroute,LF,25,
VRP,LFHTSA/VS,,43.1439,6.025,165.0,,,Toulon HÃ©l. Ech Valette Sud,LF,25,
VRP,LFHTSA/GS,,43.1156,5.86194,50.0,,,Toulon HÃ©l. Gare de la Seyne,LF,25,
VRP,LFBO/SA,,43.4,1.44167,600.0,,,Toulouse Boucle AriÃ¨ge,LF,25,
VRP,LFBO/N,,43.7833,1.35,400.0,,,Toulouse Castelnau,LF,25,
VRP,LFBO/EB,,43.6453,1.38333,500.0,,,Toulouse Ch. d'eau Blagnac,LF,25,
VRP,LFBO/EN,,43.7403,1.5916700000000001,610.0,,,Toulouse Ech. N Montastruc,LF,25,
VRP,LFBO/WD,,43.6064,1.30694,540.0,,,Toulouse Ech. N124 Zone Comm,LF,25,
VRP,LFBO/NA,,43.7039,1.39194,410.0,,,Toulouse Gare triage Saint Jory,LF,25,
VRP,LFBO/SL,,43.4833,1.66667,850.0,,,Toulouse Labastide Beauvoir,LF,25,
VRP,LFBO/WF,,43.6403,1.22806,710.0,,,Toulouse Lac forÃªt Bouconne,LF,25,
VRP,LFCL/AS,,43.5639,1.4975,480.0,,,Toulouse Lasb Astrium VF (ULM),LF,25,
VRP,LFCL/AE,,43.6939,1.6613900000000001,600.0,,,Toulouse Lasb Lac de Laragou,LF,25,
VRP,LFCL/DS,,43.5481,1.60833,550.0,,,Toulouse Lasb Lac Val de Saume,LF,25,
VRP,LFCL/PI,,43.5333,1.5527799999999998,610.0,,,Toulouse Lasb Piscine (ULM),LF,25,
VRP,LFCL/DN,,43.6542,1.52472,650.0,,,Toulouse Lasb Pont A68 D70,LF,25,
VRP,LFBO/SN,,43.3583,1.275,650.0,,,Toulouse NoÃ©,LF,25,
VRP,LFBO/EA,,43.6583,1.4252799999999999,450.0,,,Toulouse PÃ©age Nord,LF,25,
VRP,LFBO/WH,,43.6856,1.1027799999999999,550.0,,,Toulouse Relais Hertzien,LF,25,
VRP,LFBO/SB,,43.4497,1.62917,560.0,,,Toulouse Silos BaziÃ¨ges,LF,25,
VRP,LFOT/SW,,47.2633,0.44555600000000006,160.0,,,Tours Azay le Rideau (VF/Indre),LF,25,
VRP,LFOT/N,,47.5708,0.67,450.0,,,Tours Beaumont la Ronce (ChÃ¢teau),LF,25,
VRP,LFOT/NE,,47.5903,0.8997219999999999,400.0,,,Tours ChÃ¢teau Renault (N10/D766),LF,25,
VRP,LFOT/S1,,47.3297,0.693333,300.0,,,Tours Ech. A10 Sud Tours,LF,25,
VRP,LFOT/S,,47.2819,0.784722,250.0,,,Tours Esvres (VF/Indre),LF,25,
VRP,LFOT/W,,47.4403,0.6386109999999999,220.0,,,Tours La Membrole (N138/D959),LF,25,
VRP,LFOT/E,,47.4244,0.836667,350.0,,,Tours Vernou/Brenne (Tunnel TGV),LF,25,
VRP,LFPN/NH,,48.7592,2.1,500.0,,,Toussus NH (800 m Nord),LF,25,
VRP,LFLU/S,,44.7761,4.82639,360.0,,,Valence Ech. VF Livron,LF,25,
VRP,LFLU/SA,,44.8739,4.87167,360.0,,,Valence Gare triage PLV,LF,25,
VRP,LFHVAL/HN,,44.9556,4.93139,500.0,,,Valence HÃ©l. Couleures,LF,25,
VRP,LFHVAL/HS,,44.8392,4.8947199999999995,580.0,,,Valence HÃ©l. Ãtoile,LF,25,
VRP,LFLU/NE,,45.0258,5.09694,700.0,,,Valence PÃ©age Chatuzange,LF,25,
VRP,LFLU/NW,,44.9986,4.87667,400.0,,,Valence Pt sur IsÃ¨re,LF,25,
VRP,LFRV/N,,47.8183,-2.80611,360.0,,,Vannes Colpo,LF,25,
VRP,LFRV/SE,,47.6108,-2.61056,50.0,,,Vannes Ãchangeur SE Theix,LF,25,
VRP,LFRV/W,,47.6397,-2.9538900000000003,20.0,,,Vannes Pont prox Bono,LF,25,
VRP,LFRV/E,,47.7206,-2.5886099999999996,300.0,,,Vannes Silos Est Elven,LF,25,
VRP,LFPV/MOU,,48.7081,2.16111,550.0,,,Villacoublay Complexe sportif Moulon,LF,25,
VRP,LFPV/S1,,48.7403,2.17667,500.0,,,Villacoublay Est Ãtang Saclay,LF,25,
VRP,LFPV/S,,48.6419,2.08583,450.0,,,Villacoublay Stade Limours,LF,25,
VRP,LFPV/W,,48.7903,1.99528,550.0,,,Villacoublay W Ãtang St-Quentin,LF,25,
